Age,SIM number,ID,Contract start date,Contract end date,Contract tenure
52,+918610728642,36e13c4a-d279-469e-8219-959e673b6860,2022-06-19,2024-02-29,20
19,+918245655463,a8b4d7a4-349a-4e5f-b285-10335de71710,2022-01-03,2024-05-01,28
52,+918461048805,61a0a1e3-ec5e-4bd1-8da2-865583df8b39,2023-01-23,2023-09-19,7
27,+919131645582,e15d89e3-de4a-4efb-8972-9457b8da5e08,2024-11-06,2025-07-07,8
54,+917782948400,4087fe6c-b61c-49d4-a7d5-f181cb6015d8,2023-12-27,2025-01-25,13
26,+919883172803,ccd072d3-d714-4842-85b3-dc091864fbab,2022-03-29,2023-03-04,11
23,+917766145509,b0267da4-0ce0-419f-a491-ccc7e03b3044,2022-03-11,2023-10-20,19
50,+918679670538,a7f658a5-6031-415b-8c3d-1a06f9f15dc4,2022-01-12,2023-01-08,12
64,+917494618697,d26e4c37-4d8d-4546-bbf5-9aa5979ecb8c,2022-06-21,2023-11-11,16
43,+917403996296,57d148f6-e71a-457a-87e3-620cf8abf24a,2022-05-21,2024-08-26,27
21,+918818896350,54347180-37bc-4e5d-b35d-bcaa1bfc200a,2024-05-31,2025-05-08,11
45,+918141702226,f9bfa044-023b-4c5e-a5f5-dde4e2deac74,2022-12-01,2025-04-28,29
42,+918790619064,54c013c4-eae8-463d-bb4a-fdb4f3af9561,2023-03-24,2025-09-29,30
54,+917419821954,37debe17-5ce6-46cb-ab5d-2be87e2f7425,2024-04-29,2026-09-21,29
53,+917716312343,4302fd24-deaa-4b4d-a76e-b9eb78784db5,2022-05-23,2024-07-12,26
23,+917028655844,38d97574-9804-4d85-bd0d-793a11663004,2024-11-23,2027-03-30,28
23,+919811492773,c265fb70-a6ac-4668-8d13-0949a936221a,2024-02-08,2025-09-02,19
26,+917351603277,c1f5a162-8d14-40e6-9dac-0f39389312d6,2023-11-16,2024-09-17,10
57,+917793462997,7e3cacee-6426-43da-9078-47a92f57d3d7,2022-05-15,2023-04-23,11
63,+917844541530,e54cb02f-f7d9-4b36-a8c5-9b4545d7bbde,2024-03-12,2025-08-03,16
51,+917219564334,ac5f93ae-9aab-4ad1-9f57-b969fa3982e8,2024-09-30,2025-06-07,8
48,+917065582167,36a81dda-ab1b-4584-af6b-92894edfc33f,2023-05-15,2024-05-24,12
42,+918890774389,1f95284f-cf6f-4b8e-9794-05450b7f5589,2022-10-02,2024-07-05,21
34,+918198269500,d2e5b21f-f4ea-4980-8dc3-4bb8f4375085,2024-03-12,2025-05-10,14
58,+919337047310,2dec2147-109a-4743-99ba-11e010473c0f,2023-12-14,2026-02-24,26
51,+917190279747,18e391df-a5c1-4e9c-9fdc-4afc8c89f6c7,2024-08-29,2026-06-10,21
64,+919621536234,23f9dc0c-8d0c-47e1-bf61-3380e0d48ed8,2022-07-28,2024-12-21,29
43,+918323517812,4434c22c-0deb-418e-aa9d-82430cfee453,2022-06-12,2024-09-03,27
38,+917004414064,abd13ac6-a380-4a44-aca7-2bd38eef7ddb,2022-08-04,2024-05-03,21
47,+919361543273,69d3a3f2-b2a2-4ef0-94a2-0511425f479e,2022-03-01,2024-10-07,31
56,+918697030814,5c9db7d8-ae5a-49d9-9dc4-ad903a9be552,2022-11-03,2024-03-31,17
32,+918050151593,3661b43c-e6be-45ba-9bda-8a5ab42d9921,2022-06-15,2024-05-26,23
35,+919924472685,99e7d16d-abc1-4a71-a0e8-3132814b477c,2023-03-05,2023-11-12,8
63,+919829435666,dbf0d0ac-4864-40b6-89d7-d0f5d9755b34,2023-01-22,2023-12-06,10
23,+917387838769,20e8ccbf-cce5-4d3b-bbdf-0861ff98bc68,2023-08-25,2026-03-10,30
29,+917043838809,8d9f825b-2f26-4824-9acc-63985eb4b834,2024-05-27,2025-10-16,16
33,+917976394826,ef5d8513-a79e-42e1-aa36-3c73951bd393,2023-06-04,2026-01-12,31
46,+917521369521,5e80b71d-8f24-4718-9f54-74f62a9215de,2022-09-23,2024-10-08,24
30,+917528345907,76995178-2679-4059-9932-520753da4801,2023-04-10,2024-10-01,18
47,+919774867139,33261955-06aa-446e-a4c8-ade9dbe78fd9,2022-11-10,2025-04-21,29
52,+918781610427,5b4ee30f-1fe1-4c08-af82-8c6b534f9851,2023-10-29,2025-08-14,21
33,+918936999566,7d381114-b0be-43ba-aa6e-a550080b10fd,2024-09-29,2026-08-08,22
64,+919169061473,1911bb67-ad25-4fa2-8813-cda459b5ea8a,2022-01-19,2024-09-07,32
25,+918749164830,71ac5901-76db-4d55-8ee8-7fce34323174,2024-08-16,2025-11-30,15
38,+919425458254,7359ad57-88f7-42eb-ae88-b869c008a711,2024-11-09,2026-11-13,24
35,+918999965406,afd21e42-91ea-4d95-ac96-c7bf4e10c40f,2024-03-09,2024-09-15,6
55,+918336767196,f322498c-fc74-4f66-b4f3-20a68e4199ce,2023-07-22,2026-04-10,33
23,+918620220300,76995178-2679-4059-9932-520753da4801,2024-11-12,2026-01-11,14
19,+917191648106,f809f255-c031-488e-b102-b976081628ea,2023-11-08,2024-09-19,10
50,+917400370017,28fdba73-841a-4517-b098-2157dc095d83,2024-03-22,2025-02-07,10
51,+918304925333,e3848dd8-bfdb-441c-ac4b-b2eee7363b11,2024-02-22,2025-11-14,21
40,+917925996313,da154a70-b98b-4316-a5c0-cf2989c184ef,2022-06-23,2024-02-23,20
59,+918258626337,b6601281-acf0-45c2-a775-0c2c1b2c22be,2023-10-24,2026-10-08,36
61,+917084500939,4c81eaa4-f7b5-4dda-a2f7-7cf7c213807a,2024-05-23,2027-04-08,35
33,+917569795322,caf7b452-839c-436b-b61d-5a428a1430b8,2022-04-16,2024-11-16,31
23,+917635366278,38d97574-9804-4d85-bd0d-793a11663004,2023-03-08,2025-09-22,30
25,+918555273979,e4db76df-eb2f-4478-81d7-08863dd49f93,2023-02-07,2025-05-08,27
23,+919084411395,6ad0bf66-234d-4a88-827a-0e5587f5c85d,2024-10-15,2027-06-07,32
61,+918909495570,1b127b8d-73c2-4423-929d-7dcce1550893,2023-03-16,2024-04-04,12
50,+919557888517,07bab39f-c39e-4fe6-abe6-a368ceca348f,2021-12-19,2024-07-25,31
65,+917084791020,583d9162-7b5a-4314-b803-60d4813de70b,2023-01-03,2025-04-13,27
64,+917693992177,c73cda4d-5baa-4902-957d-22edab9829dc,2023-08-10,2026-03-30,32
37,+917331272096,7062a0b5-4b28-45d1-8b7e-ebd950592f46,2024-04-13,2025-09-29,17
27,+919601971553,058529bb-d0a9-4ded-b613-516aba1740f3,2023-10-01,2024-09-08,11
20,+917528921032,fd119d76-8ff5-4d57-9a7b-9e745a56c325,2023-03-29,2024-02-15,10
32,+917516092019,edcc1cbf-5258-40e8-8ede-b3428841bb5d,2023-07-28,2025-03-05,19
39,+919588312458,42c41845-0295-4134-b5e4-803518ee7782,2022-07-21,2024-10-20,27
57,+918244869113,fb9355b8-df89-4488-a317-312ae77b1629,2022-03-03,2024-03-03,24
26,+919472684923,b6188053-c678-4567-813d-63826a0c7412,2023-08-17,2026-07-02,35
58,+917298718630,cd3866eb-dd07-4851-b4c7-40b488752dfe,2023-07-21,2025-01-12,18
21,+918031768895,8263399f-d4a4-40b9-a0a8-29f23655f1ba,2022-11-24,2023-10-28,11
60,+918931433849,560568ae-11a2-4496-af14-46d07c7735fb,2022-12-29,2023-08-19,7
32,+918667409846,6ae296ec-942e-4510-a0d2-2260fed1c0e9,2022-09-23,2024-05-20,20
35,+917798617734,eb534c43-1352-45d3-8e61-8411f8cf0630,2023-08-03,2025-12-07,28
18,+917530013294,3661b43c-e6be-45ba-9bda-8a5ab42d9921,2024-02-11,2026-09-23,31
28,+917582651887,59818175-c701-45d1-8871-a93863dce8c8,2023-03-30,2023-11-19,7
62,+917943467909,535c8ea8-f6ed-43c4-88cd-7728c8d25946,2022-04-28,2022-12-10,7
31,+919519828473,a2a31f7b-94fc-40cb-8ac5-8ad7d001c15d,2022-02-05,2024-05-23,27
30,+919673996317,5b3bcf4e-c26f-4b0e-8081-8de0fc9836cc,2023-03-21,2026-01-04,34
57,+917747598967,0ccb1c9b-ff4e-4aaf-8767-7467acf49d06,2022-04-03,2023-11-02,19
43,+919502514775,0029d3f1-fc00-4adc-b76c-857a371d5d79,2023-01-04,2025-08-18,31
35,+919840260813,0985d3cc-c9e8-4293-9c96-dc4ab884bcb8,2023-03-07,2025-10-02,31
28,+917098602618,49260274-f333-49ca-923b-bccc8e553858,2022-12-30,2025-11-15,35
44,+918129186420,bcea0787-9f32-4116-b275-c20bb6c5d4de,2023-04-25,2025-07-03,26
41,+918995881519,9e4be3ec-78af-490d-a4d7-849d1714f0eb,2023-06-08,2026-05-27,36
41,+919429347865,a364aa38-f8f4-48b9-970c-055233765dfa,2022-05-17,2024-10-18,29
31,+918158372654,453099dc-ab4a-4ffe-a41c-2cae628cadd5,2023-01-27,2024-12-26,23
64,+919501560440,bc78a57f-324d-4f42-91c0-eace8b04111f,2023-02-03,2025-08-02,30
43,+917780761353,5d1a4de8-106e-4d89-9c33-29d76400b77a,2024-01-21,2025-01-05,11
49,+917618260854,46f9f182-588b-4f3f-8c8f-c6b900c3bd1a,2023-09-28,2026-06-03,32
38,+918969785075,a0371dd4-82f0-4b36-a661-e90abc90a532,2023-09-04,2025-12-04,27
27,+917165899351,6dddd213-0b17-418f-95f2-23366a6c002b,2024-11-29,2026-05-18,17
54,+918147629817,41a770a6-ee3c-41e4-9535-3aeadf8e9fd5,2022-03-11,2022-09-21,6
24,+918753425767,3de63313-144c-4c30-a349-14a13acf4edf,2022-02-04,2024-12-22,35
27,+917471380794,59353991-fd34-4267-95ba-42013bcb89db,2022-02-03,2024-10-04,32
54,+919530507919,75d60492-0b58-48d6-af36-2f653efbe69c,2022-07-11,2023-07-08,12
51,+919748903316,8c777b87-356b-424c-9a03-5014f9c2e64c,2023-03-05,2025-10-05,31
64,+917094393842,c1c32467-8683-4d2d-a000-d6516569b38d,2024-09-28,2027-08-07,34
63,+917656432705,c2300517-6a34-4320-a470-c12fe4073b21,2021-12-03,2024-03-16,27
65,+919537601768,adceb205-a220-4ab0-a7c6-1576890a923f,2024-04-21,2027-03-18,35
33,+917095365717,79997384-3b20-4d5c-b3eb-1d688cae476c,2024-06-27,2025-10-09,15
32,+919063031491,a773c3d7-8c5f-49a9-88f6-b2b4d7624a38,2022-10-29,2024-08-01,21
57,+919950600939,b1dcfb42-c8ee-4690-8c3d-6c9f5e5920b1,2021-12-03,2023-04-17,16
40,+919224814832,5d410d43-01d3-4ad5-aecb-9fe963233a58,2024-09-18,2027-05-10,32
45,+918440281451,afd21e42-91ea-4d95-ac96-c7bf4e10c40f,2024-10-03,2025-09-13,11
63,+917932178613,d778e180-7be8-4331-b6b4-b03d0920b426,2023-09-08,2025-05-24,20
58,+917676028942,37fd7593-e4b3-4e8d-b13c-17cf83f27c74,2023-11-12,2026-07-30,33
32,+919078157799,79c59c93-46c7-4116-800b-c05d03ecad7f,2022-09-07,2024-02-13,17
46,+918859305386,9c2fc4eb-0968-40cf-8a49-6f8ef87c331e,2024-07-22,2027-04-05,32
37,+919924301686,4f119c61-51b7-4f49-bc31-28277f7b314b,2022-04-27,2024-11-13,31
40,+917431637517,eb1f9cbc-4e3a-4e6e-9711-9fbd304be3fc,2022-08-16,2024-09-15,25
21,+918981365987,053ac6c7-c0a2-4a5d-8ff3-57fecdcbc0be,2023-05-21,2024-08-07,14
53,+918552455642,9ac7a81d-0cec-4774-a62a-61bed9f475b5,2023-10-10,2025-09-27,23
46,+919805446471,0b60024d-ed4a-48ed-8785-1bca1a6caa8f,2024-09-22,2026-03-12,17
26,+918875035836,453099dc-ab4a-4ffe-a41c-2cae628cadd5,2023-02-15,2026-01-29,35
47,+917809977461,74b2b55d-e1b0-452c-a378-11fb60968cc0,2024-07-30,2027-03-04,31
26,+917184772669,a9847084-61f6-4d32-a40b-1f84babd4906,2022-07-29,2024-09-07,25
49,+919139788011,b427299d-f54b-44c2-95f6-e7402d61f79c,2023-01-12,2025-09-03,32
27,+918491561486,0f053154-2235-48d1-8daf-0e8798740192,2022-09-23,2025-07-03,33
49,+919344367821,7e3cacee-6426-43da-9078-47a92f57d3d7,2022-02-14,2024-08-04,30
60,+919843540932,c2300517-6a34-4320-a470-c12fe4073b21,2023-08-27,2024-02-23,6
55,+919056002111,0a8e6568-2325-469d-9148-c19aadd00b5e,2024-05-20,2027-03-26,34
19,+917249335152,2dec2147-109a-4743-99ba-11e010473c0f,2024-08-17,2027-05-21,33
60,+919005689417,27b8ce33-eca1-4ef4-95f9-e88971497cef,2023-09-15,2024-03-26,6
45,+917683807910,e66b492a-5685-441a-8165-a0c4c0d0d63c,2023-06-24,2024-11-05,16
62,+918015551718,4ac7f3b7-049f-4f38-aaa6-2c1047fcdaf0,2023-05-03,2025-08-24,28
33,+919218707376,b427299d-f54b-44c2-95f6-e7402d61f79c,2023-09-10,2026-07-12,34
64,+918273690244,645ba4d5-5c0a-4b78-91b6-8d879b052604,2024-04-05,2026-03-10,23
65,+918697883312,daf90fe8-1d14-4841-9f71-f43b81b71ea0,2023-10-31,2025-10-17,23
22,+917462104281,79e77f5d-204d-4ce7-bf92-ae9b6016f730,2024-06-09,2025-08-05,14
46,+918314561209,5a44713a-7bb1-4451-8f32-5b7cf21f9cad,2023-02-10,2025-12-28,35
58,+917514702776,0b7fd1a5-6684-443b-a905-f5b6654df622,2023-11-15,2025-09-17,22
62,+919633873346,5fe0668c-e994-4abd-8265-60230a22d501,2022-06-03,2023-05-24,11
62,+917634415118,72f3efbc-e406-4eae-85b2-68fd7c1aa60a,2024-11-09,2027-06-04,31
47,+918253482309,ad8bc9f1-0968-48e9-ba6c-429b9f34b5ae,2022-03-04,2024-05-23,27
43,+917419332594,e33aa9b2-ed09-4319-93a7-db9a6735e661,2024-04-11,2026-10-22,30
19,+918949653714,2b50ecf9-91d4-484d-a70b-a7bf3f62b6f8,2022-01-09,2024-11-28,35
54,+917194615977,69788964-ce2e-4752-808b-805e5b497064,2024-09-18,2026-07-20,22
65,+919655193040,560568ae-11a2-4496-af14-46d07c7735fb,2023-02-20,2024-07-17,17
64,+918436163060,581b5ebb-e9e6-44c9-99f5-47d7cd828993,2024-11-24,2027-06-18,31
21,+918314273473,89e61d25-036a-4cd1-87fb-139c39c534a5,2023-10-09,2025-01-04,15
23,+919066867258,b87ea4ae-27ad-4e28-ab79-31c03db3955e,2022-11-10,2024-04-16,17
55,+917969634898,0daaee6b-c7df-4292-958a-e266cc58905f,2022-08-29,2025-03-29,31
56,+918093368006,be3820fb-074d-4641-83c2-d83b6ebdf00d,2023-03-20,2024-08-17,17
35,+917726683233,70b223fe-b138-45a6-8077-08d4eceb0078,2024-08-27,2025-05-10,8
18,+918235427375,daddcb36-1e6c-45ea-91fc-50f9a54f37ba,2024-03-05,2025-03-29,12
37,+917671941411,84f4c50a-1094-4d20-aceb-3f874afa9d2a,2023-04-09,2024-01-06,9
38,+919663958881,8a0c30ec-9ab7-4d05-8154-61770e3db5e7,2022-02-18,2024-10-18,32
25,+917886659615,17effca5-8e44-45bf-a893-b9f811184bf7,2022-07-10,2023-08-25,13
20,+917694426742,b427299d-f54b-44c2-95f6-e7402d61f79c,2022-06-14,2025-05-31,36
47,+919328676468,7634a53e-0a0e-49e2-8375-97850200b747,2024-01-13,2025-12-25,23
37,+918826828180,4c81eaa4-f7b5-4dda-a2f7-7cf7c213807a,2023-05-11,2026-04-19,35
47,+919913107403,82eff681-a345-42bd-a089-0693eb1c2ac9,2024-09-15,2027-01-15,28
38,+917790243282,daddcb36-1e6c-45ea-91fc-50f9a54f37ba,2023-04-03,2023-10-21,6
29,+917724069756,e1a3a385-2cc0-4dea-b1d7-d45acefd3e6f,2024-10-17,2025-06-07,7
18,+918732355902,2da1304d-bcc6-4013-bb42-da435d5ed44a,2024-06-29,2025-11-19,16
35,+918784664987,54347180-37bc-4e5d-b35d-bcaa1bfc200a,2022-01-02,2024-08-14,31
58,+919034217651,f592d60c-3041-4098-9c58-3d3f1b87a1bd,2022-09-13,2023-09-24,12
40,+917862157250,70b223fe-b138-45a6-8077-08d4eceb0078,2022-12-29,2024-03-19,14
59,+917590204379,6b1137e4-4c81-4342-abe1-ae86fabad106,2023-05-05,2025-07-13,26
61,+917431276948,844f1a4f-087a-4922-bbf8-0947ba053842,2022-01-02,2024-07-12,30
57,+917991898185,5a44713a-7bb1-4451-8f32-5b7cf21f9cad,2022-08-14,2024-05-04,20
30,+917360502565,8b86cc9e-6957-4a2f-86cc-ba94ea92f49a,2024-09-16,2026-02-05,16
19,+918628449809,d956f842-5bc8-4f48-81cd-4955fcedc3f5,2023-05-02,2024-11-02,18
18,+918761623773,67083ae2-3581-49be-9d26-2a61fcc26e7d,2022-02-20,2024-06-25,28
51,+918251119617,f2d78cd1-90fd-49ab-9b97-8e1b3761f0f9,2023-04-27,2024-01-20,8
30,+918215191522,d067011f-da4e-45d8-ac39-9a8f7b7b866d,2023-11-25,2025-05-20,18
35,+917071467328,3d3e7cff-cdc3-47bd-95d3-96bb86e15909,2024-10-20,2025-12-02,13
55,+918577194267,715a0184-86e6-4799-a1cf-369cfb787fc6,2022-03-16,2023-07-28,16
28,+917168823726,e8a64db6-de94-49ce-96b6-519396193056,2023-12-07,2026-12-01,36
25,+918643017188,7b441e8f-bc84-4432-9e90-d60c77edaa82,2023-04-13,2024-11-01,18
31,+917112441835,19e6d140-a560-4b5c-99db-2f76cc0a42e6,2024-07-21,2025-08-16,13
50,+917384936530,19e82621-120e-44d0-b1a1-c50c09f4e9d1,2023-12-11,2026-01-23,25
50,+919663963118,1a164022-edbf-430b-b1b8-b262cfc21087,2023-01-12,2023-12-28,11
45,+918330577263,02adb080-4513-499a-8a3e-a2b7a8f01ac6,2022-03-08,2025-01-24,35
47,+918874801528,37937db2-83ec-47f9-93ef-f4cc4dace221,2022-05-28,2024-10-10,28
28,+918165319796,7fa54dab-e83a-4651-a880-9c78f3a3df40,2024-07-15,2026-12-25,29
59,+919605339313,55e430f0-66c6-4d7f-90c3-1d82474699ce,2023-11-22,2025-05-15,18
60,+917158972896,8ad6c7d8-948b-4c39-9af9-ebb69c923396,2024-11-13,2026-08-31,21
52,+917821258244,5543aa30-c11d-4b4b-a407-4cb44a8ffd58,2024-09-16,2026-11-10,26
40,+918153631747,cccc6966-4745-4f1f-9e07-44e8ccf906d0,2024-03-28,2024-10-05,6
28,+918191336264,0dfc6d74-6702-4101-9505-a9ff10d7cdbe,2024-03-08,2027-02-20,35
18,+918645810857,537c460c-45c0-4b13-ad71-8c284f22c235,2023-03-19,2023-09-21,6
32,+917940667834,23f9dc0c-8d0c-47e1-bf61-3380e0d48ed8,2022-10-06,2023-07-07,9
57,+917742910446,537e6f2a-6155-44c0-a53f-faec69736f2a,2024-06-12,2026-03-29,21
52,+918794992865,06c78bb6-abaa-4201-9a79-5a9a3b5d8501,2024-01-26,2026-01-01,23
19,+917445579616,d15d002a-d039-472b-983e-4a48438c86c7,2023-01-18,2024-07-02,17
30,+918290062953,5543aa30-c11d-4b4b-a407-4cb44a8ffd58,2023-05-10,2025-03-27,22
47,+918594558302,c2300517-6a34-4320-a470-c12fe4073b21,2024-08-03,2025-08-29,13
19,+917752915658,14b3c958-f468-4f1c-b840-36b8ee701f69,2023-07-08,2025-04-14,21
42,+917139627978,27b8ce33-eca1-4ef4-95f9-e88971497cef,2023-10-24,2026-04-03,29
60,+919546951482,49260274-f333-49ca-923b-bccc8e553858,2024-04-13,2025-12-25,20
27,+919829704453,23f56007-0b21-4c60-98cf-aea844afcfd5,2022-11-16,2025-04-27,29
23,+918624949673,a71afc4a-8cc5-47a6-a992-b18920225edd,2024-07-30,2025-09-24,14
48,+919096518281,54c4fd9d-5d5c-4681-9d8c-927527aef75d,2024-01-06,2025-10-27,22
34,+917258991838,3d4b2b01-7d5c-4b66-9771-053a7d5f90e9,2022-02-11,2022-08-30,6
33,+917511218697,f871e763-08af-42c8-907a-6348e29bf878,2022-09-25,2025-09-03,35
20,+918002802364,beb030f1-6ba5-4df4-aa61-14eaa7cc6aa7,2024-09-25,2027-04-15,31
50,+918574589478,053d0a13-158a-4f11-8c45-ccb3500df00d,2022-03-22,2024-06-20,27
31,+919734202200,4dde0e43-6935-41a1-a594-26d8b8948d43,2023-10-12,2024-09-02,10
22,+918246631189,0029d3f1-fc00-4adc-b76c-857a371d5d79,2023-09-13,2024-03-29,6
26,+918823039687,cddfcc89-e272-487c-acac-a7fc5a31c426,2023-02-01,2023-10-06,8
45,+917819048667,8e61f595-b091-462a-a368-18ff8f4a800c,2023-04-19,2025-03-27,23
45,+919900134412,c54d54a5-bb0b-4de0-be91-1230a7685e58,2024-04-23,2027-04-02,35
27,+919394078699,06a2a9b8-0ce5-4a49-b646-c8e228265838,2023-08-06,2025-08-26,25
30,+919291801993,fa6e8e08-ab5a-43e9-9465-2aa8e1842d2d,2024-04-29,2027-01-12,32
34,+917976634235,e4dd85e5-4bec-4512-a6e1-ad5a18d0530d,2024-03-22,2024-10-21,7
18,+918817435365,bc78a57f-324d-4f42-91c0-eace8b04111f,2023-06-24,2025-09-27,27
18,+918645522262,9e30d9bc-9449-4de9-9bfb-24a735139573,2024-03-15,2025-01-23,10
24,+917334117204,7634a53e-0a0e-49e2-8375-97850200b747,2022-05-31,2024-09-10,27
64,+919680962922,a5bd07e9-f772-4d02-86d3-83725c4c40be,2022-11-19,2023-12-19,13
21,+918520071576,81e8918a-de70-46d8-8182-f11ae36ee4b9,2023-05-10,2024-07-16,14
48,+917572079918,3e168b5d-2b38-4af7-9409-644a4c9a8a90,2024-01-08,2026-09-02,32
42,+919164331041,d848b965-6d23-4af9-afaf-2598d31f3755,2024-04-04,2026-04-07,24
46,+918126974516,e72c1ff2-095b-4ab2-af45-f0601bd6f649,2023-09-29,2026-07-29,34
30,+919008476202,1913eed3-28db-4264-a704-bd3a09dbe72c,2023-05-21,2024-04-06,10
19,+918652958312,4be58bd6-8167-4e8e-846b-3c60d252b8bd,2022-08-25,2024-07-30,23
23,+917262101176,ebb467c9-942d-4bf5-8121-b3849c74462e,2024-03-29,2027-01-03,33
57,+919556939185,66a5cc16-8c98-458c-97ce-28c591ac462d,2023-06-06,2026-01-27,32
24,+919078117118,c3be4bb1-f77b-4093-b5bb-b3811a1b1f8a,2022-09-20,2023-04-09,6
56,+919324741692,982905a3-7f0e-454c-ba41-005b1c47040b,2023-03-26,2025-06-14,27
24,+919259908701,209df00b-25cf-4a63-8f9e-8384c95b5c34,2024-02-27,2026-09-23,31
47,+918348542135,533fd5eb-fa4f-41b0-a793-4edd0cdb8080,2024-05-03,2026-10-15,29
34,+918050909591,9ce2af28-6697-4b98-a6dd-1a5d1e83b265,2023-11-14,2025-10-11,23
26,+917448243216,da154a70-b98b-4316-a5c0-cf2989c184ef,2024-09-13,2026-01-01,15
65,+917811978479,6ff5bef2-4eed-4633-afb6-baafc458507a,2023-04-10,2025-01-29,22
24,+918151767235,55232f4a-5800-46bd-bef9-609276478b19,2023-04-21,2025-03-16,23
39,+919581052688,8e115701-8482-49cb-b67e-b717db42ea6c,2022-10-03,2024-08-05,22
57,+919573483693,b5adc84c-4e16-41fb-a861-96d1b3a960d6,2022-01-29,2024-10-08,32
52,+918556415642,a1512b10-8d0e-463e-89b8-dd54a87a93f3,2024-02-06,2024-11-29,9
64,+918349965238,feceabad-4126-4844-a51b-423316107b54,2024-11-06,2027-08-15,33
35,+919157315019,d19b7b14-8832-4ca5-a502-4d7a57e8eba3,2023-09-19,2024-06-15,9
63,+917180784992,4080f0e2-d98e-4e41-9a82-360b5ff1157b,2023-03-09,2024-09-28,18
59,+918290282344,e23cd378-b670-4289-be2b-3ca78912ac95,2022-12-29,2024-07-14,18
24,+917933720972,5135c3de-223a-4c7b-9fe5-76c9ec09d558,2022-09-29,2023-06-18,8
43,+918178987322,04aca2f7-4802-4f7e-a18c-e5ff0fadd2db,2022-04-26,2023-11-09,18
37,+918216970863,5b0422b0-c63a-4a63-9f37-b9a40dfeada9,2022-05-29,2023-11-11,17
30,+917237689883,a7731d36-c133-4541-826d-eeee7938da8d,2022-06-15,2023-10-16,16
53,+919855760807,5a98de25-4715-4bd2-9ab5-4e3e5850b7ef,2023-12-12,2025-04-09,16
55,+917955533717,40bac3ae-13a1-406c-9aa3-f0fc4706c08b,2023-02-07,2024-09-30,20
32,+919557605976,d205563c-888d-4804-a865-8f03b8f9122d,2022-03-26,2024-07-06,27
65,+917257548076,be438173-35da-4a6b-9cbd-ffb0838c1405,2022-06-23,2025-02-24,32
24,+919157113202,34667318-ed4d-4d13-bee4-572acc3b75b0,2023-05-15,2025-12-14,31
38,+919630584021,1ec0dc3c-0fb7-42ed-aa44-dec408fd3657,2024-07-31,2025-04-03,8
58,+919766885283,d26e4c37-4d8d-4546-bbf5-9aa5979ecb8c,2024-10-26,2026-03-28,17
27,+917328899365,cddfcc89-e272-487c-acac-a7fc5a31c426,2023-07-15,2024-12-16,17
27,+919342160310,8263399f-d4a4-40b9-a0a8-29f23655f1ba,2024-08-10,2025-10-08,14
28,+918272952325,65ddc04f-402e-45ad-a97f-272135f6bfb7,2023-06-08,2024-04-21,10
54,+917058737678,daddcb36-1e6c-45ea-91fc-50f9a54f37ba,2024-07-30,2026-01-17,17
22,+917753218015,653c1b37-1d6d-44d1-ad8a-dc20bfa9990f,2023-10-23,2025-01-29,15
46,+917876729178,45574a89-c602-4446-a737-9291bb6bcdda,2022-02-25,2023-11-13,20
61,+918938854935,e72c1ff2-095b-4ab2-af45-f0601bd6f649,2023-11-04,2026-07-09,32
32,+917610929897,97c3a143-98b6-4dd8-8532-62a8ad247adc,2022-04-27,2023-05-18,12
30,+917707678989,54347180-37bc-4e5d-b35d-bcaa1bfc200a,2024-06-22,2026-02-23,20
60,+918812628007,f4620cce-f8cb-46d4-90e1-e6514e6f3863,2023-09-03,2025-10-06,25
60,+917766352209,f26f20f3-b3ed-4689-b0e9-e25303219dc0,2024-01-07,2025-07-02,18
21,+918639112991,ac5f93ae-9aab-4ad1-9f57-b969fa3982e8,2022-08-11,2023-09-14,13
42,+918771118896,8e90de46-cacc-45b5-b731-862e37e60f7a,2024-10-03,2025-07-30,10
18,+919272659896,06a2a9b8-0ce5-4a49-b646-c8e228265838,2023-02-06,2025-01-14,23
20,+918922071085,c2300517-6a34-4320-a470-c12fe4073b21,2023-07-31,2024-11-16,15
62,+918477771468,fd5e2925-9b38-4ad9-b404-222744e50feb,2021-12-10,2023-09-23,21
56,+919155860858,1faa27c0-95da-4c5b-8ebf-ff3f855760a3,2022-08-11,2024-11-01,27
64,+918734829957,5e770ab4-6282-4ef4-a27e-970e894d905b,2022-01-21,2024-10-10,33
46,+918741646670,8e751ee5-c319-4d29-8b20-1230f2938f49,2024-08-26,2025-06-27,10
25,+918732366890,b8ab2753-fc4b-461d-b63d-566fa7a42c61,2022-05-15,2025-01-04,32
21,+918438065427,79e77f5d-204d-4ce7-bf92-ae9b6016f730,2024-06-15,2027-05-16,35
60,+919953983962,17f62a59-9a6e-4d1f-ada8-e593447384c6,2022-03-19,2024-07-29,28
50,+919166814218,4bfb4069-da01-49a2-9ee9-50ae379e63d3,2024-10-16,2025-07-25,9
20,+919198740354,84f4c50a-1094-4d20-aceb-3f874afa9d2a,2023-04-21,2024-02-01,9
56,+919112495297,09821da2-cadd-46ff-9ec6-ead612125982,2022-03-17,2025-01-24,34
62,+919900828320,d3caf0d3-246a-4652-a465-f2555c5636ca,2021-12-31,2023-05-22,16
38,+919276256329,a7731d36-c133-4541-826d-eeee7938da8d,2022-07-23,2023-04-30,9
23,+917077109763,6bb68e5a-d3d8-44ba-b43a-5dc7c2397451,2022-06-02,2023-12-29,19
22,+917290579360,6c59b8cd-bab7-4edf-b1cd-96ab8d6f71f2,2023-03-17,2025-08-03,29
54,+919026349093,c853dcf8-3621-45c1-81f5-ee78770552c6,2022-03-02,2023-03-16,12
41,+918365936138,7b3300ee-3d89-40de-ad25-456d3e560c32,2022-12-15,2024-01-10,13
64,+918156681290,78faeab2-a4f5-4285-9792-15f0d8aa093c,2023-01-02,2023-07-29,6
59,+918282226753,2f0ed5a3-2991-4b8f-bfd1-60c6afc3af5e,2022-01-12,2023-03-31,14
46,+919320627569,36e110b0-920b-4d53-8180-69c88b853bd9,2022-03-10,2024-12-23,33
47,+917580411242,7a3108ed-528d-418b-9bc2-4b43591794d5,2023-03-26,2026-01-08,33
22,+919570303191,c3bed5ee-76d0-4e7a-b08d-7e1300f751b2,2023-07-09,2025-02-10,19
20,+918629832589,d29b3bf4-3930-458e-8025-1dcfc6fc0d3f,2022-12-01,2024-05-11,17
61,+919993888703,f677c656-af18-445c-801f-399be95a99fc,2024-09-05,2027-02-16,29
46,+917620741180,611d6134-8b53-4744-950c-7d4c0414f0c1,2023-04-19,2024-11-03,18
38,+918443194674,be438173-35da-4a6b-9cbd-ffb0838c1405,2023-02-25,2025-09-30,31
60,+918038864878,5d1a4de8-106e-4d89-9c33-29d76400b77a,2022-06-06,2023-12-18,18
47,+919931794113,b5adc84c-4e16-41fb-a861-96d1b3a960d6,2023-08-08,2025-12-25,29
39,+918286327363,0571cd34-db9d-4562-b49f-77c3214c979d,2024-06-23,2027-06-09,36
59,+918495520350,56a3b18c-31b5-422f-be32-6c2a5479e5fa,2024-03-22,2025-12-26,21
27,+918350902465,30da397f-ed75-4831-bce2-849434bc0f71,2024-06-24,2027-02-19,32
38,+918074783966,d34b9fe8-1d05-4db8-b0bb-d09379138c8b,2023-06-03,2024-01-19,7
65,+917809965603,a0b0ce21-38de-4f41-8a64-d9df4fbb600c,2024-01-20,2024-11-27,10
62,+918847684131,12752b66-8b48-4a84-bdd6-10bd1af5ac63,2024-01-06,2025-05-15,16
49,+919322076407,4b88a36c-e218-4379-b95e-2fa07e87b962,2022-05-05,2024-03-10,22
45,+917272676610,0029d3f1-fc00-4adc-b76c-857a371d5d79,2024-05-19,2024-12-12,6
49,+917588114125,eab8a385-7b66-4db8-8c3f-df8590c474c8,2023-02-06,2024-10-13,20
65,+918166520876,d067011f-da4e-45d8-ac39-9a8f7b7b866d,2023-06-29,2026-04-30,34
51,+917917917442,346b6321-c508-4638-8ca0-57e1c4d64b84,2024-09-08,2027-05-06,32
56,+918830181234,da75e572-e478-4d31-943e-c47320cd02a8,2024-09-09,2025-04-26,7
37,+918635036202,0029d3f1-fc00-4adc-b76c-857a371d5d79,2024-07-31,2027-03-17,31
64,+919623068003,927eeeaa-262e-4532-84e8-ee219064afbb,2022-10-14,2024-01-20,15
21,+918361125167,453099dc-ab4a-4ffe-a41c-2cae628cadd5,2022-02-09,2024-11-03,33
23,+917379250980,3da79bd2-42af-4ce9-a944-f38ab5839a4f,2023-10-20,2025-09-01,22
57,+918946634434,9e4be3ec-78af-490d-a4d7-849d1714f0eb,2024-04-15,2025-08-26,16
31,+917544019896,1f95284f-cf6f-4b8e-9794-05450b7f5589,2022-03-15,2023-05-24,14
22,+917253971573,471ee79d-939e-4171-b45a-ee4c13e4e242,2024-03-05,2024-10-27,7
37,+918151130511,56a3b18c-31b5-422f-be32-6c2a5479e5fa,2023-06-02,2025-11-16,29
56,+919494187722,3661b43c-e6be-45ba-9bda-8a5ab42d9921,2024-04-28,2026-06-04,25
44,+919505115174,c73cda4d-5baa-4902-957d-22edab9829dc,2023-07-28,2025-03-25,20
19,+917556038488,7e3cacee-6426-43da-9078-47a92f57d3d7,2022-11-28,2023-10-04,10
29,+918515036033,1320b164-4ccb-4932-8585-758bd8205739,2022-11-10,2023-07-17,8
42,+918239846283,7e3cacee-6426-43da-9078-47a92f57d3d7,2021-12-28,2023-01-10,12
28,+919667807018,c1f5a162-8d14-40e6-9dac-0f39389312d6,2024-02-02,2026-12-26,35
60,+917164197655,471ee79d-939e-4171-b45a-ee4c13e4e242,2023-01-19,2024-08-28,19
22,+917736725133,ebb467c9-942d-4bf5-8121-b3849c74462e,2022-03-01,2024-12-26,34
50,+917317480345,d6d40f1f-87fa-4c74-93a4-90d1d39de292,2024-07-10,2026-03-14,20
33,+918968961005,f8113279-2463-41f8-9900-b37028d96b41,2024-05-25,2025-01-19,7
31,+919075411847,4d1c3f3a-e9d3-444d-9637-41da9163f8fc,2023-07-04,2024-03-05,8
60,+917713375439,1a164022-edbf-430b-b1b8-b262cfc21087,2023-01-24,2024-11-30,22
54,+917008536667,1a164022-edbf-430b-b1b8-b262cfc21087,2023-03-09,2025-04-15,25
37,+919555800291,d4d5f379-be94-4bed-ae5c-ac410bd5d8c2,2022-05-17,2022-12-06,6
55,+918175921724,6bb68e5a-d3d8-44ba-b43a-5dc7c2397451,2021-12-16,2024-07-25,31
57,+918309523791,ccd072d3-d714-4842-85b3-dc091864fbab,2024-06-28,2025-08-24,14
26,+919287050130,9f39a08f-7a80-4a5a-918e-21c9ec0fecdd,2024-11-22,2027-09-01,33
57,+919534866109,6510a4d6-1ec4-4aab-b3d9-2124465c0af2,2024-03-02,2027-01-03,34
58,+917561315166,e551a12a-b5ee-4b7e-b979-c7d6e8456f56,2024-01-28,2026-05-08,27
58,+917169525912,57af6b05-3571-42de-a54f-e705276fc20f,2024-02-05,2025-09-07,19
64,+918393718749,e1b05e24-856b-4f6b-8b6e-75851f3141dc,2022-11-25,2025-11-16,36
28,+917595056956,a7731d36-c133-4541-826d-eeee7938da8d,2024-06-26,2026-08-26,26
32,+918341405802,74bf3c54-20ea-4835-b085-73632ea1da7c,2024-02-29,2025-02-14,11
32,+918095291388,45493855-8156-4dfb-9aed-9e76a4deaf7d,2022-07-01,2025-06-16,36
46,+919504373225,caab4e12-7d7e-4549-bbda-3929eaf1d143,2022-05-09,2024-07-24,26
20,+919123998452,2a245348-603b-4c84-a022-511612d1a039,2022-03-18,2024-01-29,22
53,+917620024976,2a4246dc-18ff-45ec-917b-0e8d474dadd2,2023-03-27,2023-11-02,7
55,+918307859445,1dd0f05f-bb78-461d-9775-159e79ebf08b,2023-08-06,2024-06-26,10
59,+917687516894,844f1a4f-087a-4922-bbf8-0947ba053842,2024-04-23,2027-01-09,33
41,+919438137490,825c5029-6787-474a-b819-f08bb0d9c5a9,2024-02-04,2025-03-18,13
55,+917140679772,af19c408-4c6e-4310-8f39-6e737eacfce4,2024-03-13,2024-11-25,8
32,+917147099254,0ec2fd0f-b8eb-4361-bfcf-357089d6a0f7,2022-12-30,2025-01-11,24
50,+919987015982,388392b8-7f2c-4b5b-be87-aaf571042525,2023-12-07,2026-02-12,26
38,+919795089413,13cdf763-257f-43c5-a882-09a46554aa10,2022-09-29,2024-04-01,18
23,+917207783540,454a94d8-2ca2-40d7-b5c9-cf80578c6db7,2024-07-19,2026-07-24,24
55,+917809200612,f2e58608-af2f-49f0-9315-89529723bf21,2023-11-16,2026-10-16,35
65,+918160724351,cf0441e8-dbf9-4214-8aee-aeb35910e27c,2023-04-28,2026-04-20,36
33,+918955779717,5b4ee30f-1fe1-4c08-af82-8c6b534f9851,2022-01-11,2022-09-28,8
37,+919374619479,ea01088d-af57-4fd3-9f88-38d645cbf06e,2024-11-04,2027-09-05,34
44,+917884222619,06ee3068-d2eb-46a3-9b39-5277ccc51611,2022-11-01,2024-12-05,25
35,+918151888522,e73cd4f9-222e-4c28-8c21-cacb4938176f,2024-06-13,2026-02-21,20
51,+919059115540,0a61de68-2815-4dc6-bd13-2f81dd4d3322,2024-03-07,2026-05-23,26
21,+917894260435,09b1ccd5-d7aa-4e82-979e-c60a521492ef,2021-12-03,2022-12-18,12
27,+918815564342,e0610b23-2407-426f-9b34-9ef339a4cb2a,2023-03-15,2025-11-18,32
52,+919283530963,5b3bcf4e-c26f-4b0e-8081-8de0fc9836cc,2024-09-18,2025-06-05,8
29,+918346410482,7f16f82a-2818-498c-8886-de0419b3c36b,2021-12-30,2022-06-29,6
65,+918614715647,fe8693a8-ed13-46fa-81dd-f4a612c5c626,2023-01-06,2025-04-20,27
43,+918098134211,5d62c527-6aba-4914-966f-98881b6cf16e,2024-09-20,2025-04-24,7
34,+918810641820,0985d3cc-c9e8-4293-9c96-dc4ab884bcb8,2022-05-27,2024-08-19,27
37,+919606408978,71ac5901-76db-4d55-8ee8-7fce34323174,2023-06-18,2024-02-20,8
53,+919248354598,b2776133-dc7e-4e40-9227-7c4d0e85ffba,2023-09-07,2026-06-30,34
58,+918435762033,209df00b-25cf-4a63-8f9e-8384c95b5c34,2024-02-03,2025-04-05,14
31,+918197056551,2a4246dc-18ff-45ec-917b-0e8d474dadd2,2022-05-30,2023-09-27,16
51,+919629388452,bb835293-8f57-4fd0-999c-ab3bf13791d2,2024-09-07,2026-10-12,25
49,+917385565011,5c9db7d8-ae5a-49d9-9dc4-ad903a9be552,2023-07-04,2025-06-03,23
30,+919382392331,fa24720d-dc48-4f76-b848-04555a61ea1f,2023-08-29,2024-03-16,6
46,+919009869027,bcea0787-9f32-4116-b275-c20bb6c5d4de,2023-01-16,2024-11-26,22
20,+918257470244,27cab92b-7c02-463d-b05e-6b2564727626,2022-06-25,2023-12-04,17
18,+919473070015,15fe47a0-f1b3-4f51-9797-10323de66e8b,2022-03-02,2023-12-02,21
25,+917301030136,14ea5d0e-ddb4-4f10-a45d-607909ddaaf4,2023-05-05,2025-03-29,23
26,+918255360316,eaffe241-9b7e-42e3-ab0c-8893ececfe32,2024-03-19,2026-05-01,25
34,+919690327973,b717a889-8b15-43fe-a8bb-9e126d47daa2,2023-03-31,2025-04-29,25
56,+919785816241,28fdba73-841a-4517-b098-2157dc095d83,2022-02-24,2023-12-11,21
26,+919501817483,a69bec2e-ee59-4bfa-bbca-cb77f9490496,2023-01-16,2025-03-11,26
25,+919371252165,c547bcd1-26e0-4791-ad06-93b3894990f3,2022-06-26,2023-02-06,7
19,+919496343409,40bac3ae-13a1-406c-9aa3-f0fc4706c08b,2023-02-16,2023-10-31,8
48,+919690893780,0f301902-a360-4b3f-ac11-19785c58b725,2022-11-20,2025-07-28,32
54,+918285285685,09b1ccd5-d7aa-4e82-979e-c60a521492ef,2023-10-15,2025-04-10,18
55,+917179298398,b717a889-8b15-43fe-a8bb-9e126d47daa2,2023-05-14,2024-05-27,12
26,+918537326588,a7731d36-c133-4541-826d-eeee7938da8d,2024-10-21,2026-04-09,17
32,+917986609097,cbd437d1-5428-48a0-9f8a-6ed59e5565c9,2022-06-28,2023-12-12,17
62,+918350149933,0b134dd0-1c68-4e95-a621-1e97a1483326,2024-09-24,2027-07-03,33
21,+919044902645,fd119d76-8ff5-4d57-9a7b-9e745a56c325,2022-05-22,2023-05-03,11
51,+917215289251,de5fdcdb-5070-4609-a3fa-c728b2146258,2024-06-11,2025-02-23,8
37,+917381018234,b459f440-dde9-45c6-9d0c-1f78b7973412,2023-06-23,2024-08-05,13
41,+919406670571,f4834616-642f-4847-a660-ad9fccf817e2,2024-07-14,2025-04-13,9
36,+917814961643,b67bb43e-02da-4d34-bc92-15decc6d506e,2024-09-02,2026-01-24,16
21,+919910966657,1ec0dc3c-0fb7-42ed-aa44-dec408fd3657,2022-02-24,2023-08-23,18
62,+917724835975,6fee4ae0-aa70-405d-bfdf-c5c4e4f4cf99,2023-03-23,2024-09-28,18
40,+917678357686,954e5ca5-6cc0-4bfc-a8ea-7992b19ceff7,2023-02-13,2024-03-07,12
56,+918213953273,a0d8d642-443c-4abd-9514-84e2b7b4a91b,2022-03-26,2024-04-16,25
56,+919290021465,5e770ab4-6282-4ef4-a27e-970e894d905b,2022-06-19,2024-12-09,30
27,+918595178300,73364725-7c9d-4787-b99e-cdde22cc6847,2021-12-27,2024-09-17,33
37,+918856524945,17c6196e-7b63-4b3f-8b09-8a46ae41d092,2022-09-08,2025-06-30,34
57,+919873009918,9dfe2df5-88e3-48e3-8b1c-45a10b1e21a4,2022-11-08,2023-12-29,13
26,+917055244746,3f54b471-8401-4be9-8409-1103bc7dcf4e,2023-11-30,2025-07-03,19
20,+919410806573,5b2d3056-e902-44ae-90c3-994f12c87483,2023-07-31,2025-12-12,28
42,+918742270616,e1b05e24-856b-4f6b-8b6e-75851f3141dc,2024-06-07,2025-03-21,9
52,+919579930818,6b02b3c5-7f88-4748-90cd-f0f40a5c3fad,2024-01-30,2025-09-20,19
46,+917980672229,cf0441e8-dbf9-4214-8aee-aeb35910e27c,2023-02-13,2023-08-23,6
29,+917540410744,c760cf60-a3f1-4f19-8a41-7d59e2ee6c7b,2024-01-03,2025-03-09,14
64,+917602732122,f54ebfb6-a300-447c-b7e3-42d20780f493,2022-08-03,2024-12-15,28
28,+918124617114,8a0c30ec-9ab7-4d05-8154-61770e3db5e7,2024-06-30,2025-03-19,8
40,+918738275117,eef85eb4-8b68-44b8-b598-6c16797fd6ee,2022-04-19,2024-01-22,21
56,+919685348337,4aae49a3-e947-4422-85d3-4e72fabfabae,2022-10-25,2023-06-02,7
20,+918740396190,8030be30-6c1d-4447-9d09-0a2b068318a5,2022-08-11,2023-10-03,13
59,+917984426033,b427299d-f54b-44c2-95f6-e7402d61f79c,2024-04-07,2025-06-16,14
34,+917094476771,adceb205-a220-4ab0-a7c6-1576890a923f,2022-12-08,2023-11-08,11
54,+917188938561,c5299ac5-b6d3-41ae-a5ea-0d683e5add21,2022-12-14,2023-08-30,8
61,+917172806839,72f3efbc-e406-4eae-85b2-68fd7c1aa60a,2023-04-14,2025-08-09,28
21,+917568313985,2ada3089-adb8-4ab3-92ea-58f80c3dccde,2021-12-11,2023-05-08,17
38,+919964002995,79997384-3b20-4d5c-b3eb-1d688cae476c,2023-12-11,2024-11-27,11
27,+917418576610,0bd94eaf-481d-4743-b8ca-595096c6d1e3,2024-01-17,2026-03-23,26
54,+917184157789,e76626d0-5f0f-4e12-a373-e11c2f30f2b8,2023-09-19,2025-07-03,21
56,+919771633059,a164ab2f-4908-4de4-87b8-641009db5e83,2022-11-12,2024-10-13,23
26,+919856657035,57ad97fe-baec-439d-b7f4-8b2ec6fb4495,2022-04-07,2023-07-27,15
39,+917710808489,f05b91f4-9b71-4ef7-afa7-28d7068c52c2,2024-05-17,2024-12-10,6
51,+919017257611,eb534c43-1352-45d3-8e61-8411f8cf0630,2024-05-23,2026-04-02,22
51,+917563887601,5c9db7d8-ae5a-49d9-9dc4-ad903a9be552,2022-04-15,2023-06-02,13
20,+919064097756,653c1b37-1d6d-44d1-ad8a-dc20bfa9990f,2022-02-24,2023-05-11,14
53,+918807595101,a4478a47-28cc-4aae-874c-8eb909f0cf81,2024-01-10,2025-01-16,12
35,+917952964422,69a25271-007e-4c0b-ac6e-6487ef580daa,2022-02-04,2024-02-27,25
54,+917958145227,209df00b-25cf-4a63-8f9e-8384c95b5c34,2022-06-18,2025-01-18,31
46,+919908851456,5a127bb7-b1e6-4768-a7a8-a3371ee0e979,2023-10-01,2024-09-17,11
51,+919875609191,72cb9496-2e60-4337-9ddd-45e1af333083,2023-08-16,2024-07-31,11
29,+919517860110,3591142e-862d-474d-a734-712185fe54d0,2023-09-25,2026-07-13,34
55,+919535404982,18e391df-a5c1-4e9c-9fdc-4afc8c89f6c7,2022-03-13,2023-05-11,14
39,+919784437665,9157fac6-0605-4afb-b5fd-4cd5b1e6693e,2023-05-05,2024-02-03,9
43,+917411633045,947e99e9-55c9-4ff0-8a5d-41bec8c84894,2023-08-13,2025-03-31,19
23,+919719865541,1b127b8d-73c2-4423-929d-7dcce1550893,2023-07-27,2024-07-12,11
40,+919678546960,0a61de68-2815-4dc6-bd13-2f81dd4d3322,2023-04-30,2025-03-04,22
43,+919728180783,9c0f372c-c846-41b2-9d5b-67f5626c0e62,2023-11-28,2026-08-29,33
64,+917164588683,7d01fc06-da23-4198-9caa-87cff3954e9a,2023-11-06,2024-12-11,13
24,+918197708547,9d8dd991-1792-4e73-8064-0867739ead9f,2023-09-17,2026-08-14,35
30,+918434986806,4e7f91ee-3d75-4e5d-99b4-91789f1cd25d,2022-12-02,2025-10-16,34
20,+917199914239,a0371dd4-82f0-4b36-a661-e90abc90a532,2022-12-22,2025-05-20,29
64,+917669017697,95f96e35-be29-4ece-9245-8a4aa5c845e5,2024-09-10,2025-05-24,8
51,+917589224806,3d3e7cff-cdc3-47bd-95d3-96bb86e15909,2024-03-14,2025-04-04,12
26,+917848270120,b6188053-c678-4567-813d-63826a0c7412,2022-02-10,2024-11-12,33
61,+919083328342,37937db2-83ec-47f9-93ef-f4cc4dace221,2022-10-07,2024-03-29,17
31,+919299475129,5fd51b90-6598-43f3-9d9a-08cd8c5f5328,2022-01-14,2024-09-12,32
22,+917692025516,5fe0668c-e994-4abd-8265-60230a22d501,2021-12-04,2022-08-28,8
32,+919169292387,5d1a4de8-106e-4d89-9c33-29d76400b77a,2023-03-14,2025-02-16,23
56,+918317082257,9d8dd991-1792-4e73-8064-0867739ead9f,2024-02-14,2026-03-05,25
54,+919432645419,d87d4ac2-1dc4-4330-a978-92d9489d8bf9,2024-09-25,2026-04-01,18
47,+919476682089,d073154e-9d90-4759-b37e-6b42ec5d02c4,2023-11-26,2024-10-21,11
63,+917472339726,6815074f-0d88-47d0-84a7-ef4420402e93,2022-12-26,2025-02-22,26
28,+918281826105,5b2d3056-e902-44ae-90c3-994f12c87483,2024-05-14,2026-10-26,29
49,+919867103352,2f1172e7-b3ba-444e-8cc0-5d7d1c96b52f,2022-11-25,2024-12-20,25
50,+917775391770,121693ab-e34b-452a-a61d-a0ca82686939,2023-03-24,2023-09-28,6
33,+917794274592,768f5120-ef2c-475a-9283-ca774e486c7f,2023-05-26,2025-04-20,23
52,+917850125221,23e8ea23-c276-45d1-b176-a8c3108b88ab,2024-11-17,2026-06-02,18
31,+919577549701,f7854a81-baab-416a-8966-0a87e52819da,2024-11-22,2027-07-20,32
23,+919427600928,a875e1e8-71ad-4931-9d75-9e3b31716ed1,2023-10-12,2024-07-21,9
23,+917297265384,59053b12-d32a-4618-b5af-4efaa859ca97,2024-08-07,2026-10-15,26
61,+917461560850,2f0c27d5-4a3b-4279-8991-1f60e08c1848,2023-10-12,2026-07-01,33
56,+919016683198,9f39a08f-7a80-4a5a-918e-21c9ec0fecdd,2023-07-11,2025-02-10,19
44,+918359329464,6c2b5b1f-f663-478e-a384-3486ba39cd04,2023-11-08,2026-05-16,30
27,+918313573445,486f4ef7-17f2-434e-aeb9-81ff1c4ff716,2023-06-30,2025-03-07,20
20,+919891200986,1a17a728-20ce-486b-8cd1-6c91c86efc19,2023-05-07,2024-02-29,9
29,+918796131520,24114691-d4b3-4bce-a613-09e7c6e901ed,2023-01-22,2024-04-14,14
65,+918454250747,651d45b5-8cc2-482a-b684-35112a93093f,2024-10-12,2027-03-09,29
54,+918249133804,20e8ccbf-cce5-4d3b-bbdf-0861ff98bc68,2022-07-30,2023-06-20,10
54,+917569127925,4ac7f3b7-049f-4f38-aaa6-2c1047fcdaf0,2024-04-11,2024-10-12,6
30,+918098209356,9c242128-be74-45f5-a7e0-a2d38665c1c7,2024-06-29,2025-02-17,7
49,+918890090565,79997384-3b20-4d5c-b3eb-1d688cae476c,2022-11-24,2023-12-28,13
42,+919501784444,20cdc31e-ae0b-49f6-9f93-f84898aea8bf,2024-09-09,2026-10-02,25
35,+919159799737,edcc1cbf-5258-40e8-8ede-b3428841bb5d,2024-02-22,2025-09-27,19
33,+918248976406,b67bb43e-02da-4d34-bc92-15decc6d506e,2024-05-19,2025-07-02,13
59,+917028578905,2d9420f3-ae83-4e6e-8d91-b3a1a1b4d5d6,2023-08-25,2026-05-03,32
42,+918297397127,a5bd07e9-f772-4d02-86d3-83725c4c40be,2023-11-06,2024-12-11,13
53,+919028947076,ebc28fbf-3390-42b3-8b11-3037689a6c0c,2023-11-18,2026-09-22,34
52,+919926154429,68a60a15-051f-4485-9045-d4da5a7b3d46,2022-10-29,2023-10-04,11
59,+918941205764,06c78bb6-abaa-4201-9a79-5a9a3b5d8501,2023-08-13,2025-09-01,25
20,+918432983877,0f053154-2235-48d1-8daf-0e8798740192,2024-01-28,2025-01-09,11
22,+919868299782,ea01088d-af57-4fd3-9f88-38d645cbf06e,2023-09-22,2024-07-17,9
48,+918488312016,74bf3c54-20ea-4835-b085-73632ea1da7c,2024-05-09,2025-06-01,12
22,+917710252925,68909b1a-fe75-425f-907c-86502a4d0f70,2024-08-24,2026-08-26,24
40,+918835183941,aa4a13d6-b825-4634-a4cb-9ea5cdbdaf31,2024-03-03,2026-07-28,29
58,+917028444377,80bbba71-4874-4e12-b042-4d61d8cbf239,2024-11-05,2025-09-29,10
56,+917201458016,161793c5-6c5c-405c-bdc5-c68cc4416952,2022-10-31,2024-10-05,23
35,+918936793449,9d4da121-c7e9-401e-a00a-2a592a321d53,2024-01-09,2025-12-16,23
35,+917574017842,da0f2750-aaf2-46bd-ab7a-c14464d6be20,2024-03-27,2026-05-14,25
58,+919066869914,15fcb08c-36c0-41d3-853a-8e6f9bd31718,2022-07-03,2023-10-20,15
44,+919702018909,da154a70-b98b-4316-a5c0-cf2989c184ef,2024-09-28,2026-02-02,16
65,+918505381900,a4478a47-28cc-4aae-874c-8eb909f0cf81,2024-01-03,2025-05-15,16
31,+919527848164,e339048f-e93a-4c7d-a1d1-a222635380ab,2023-10-01,2025-02-02,16
63,+919262195925,02adb080-4513-499a-8a3e-a2b7a8f01ac6,2023-01-27,2024-01-18,11
48,+917541164575,d067011f-da4e-45d8-ac39-9a8f7b7b866d,2022-04-12,2023-02-22,10
52,+917964287593,4080f0e2-d98e-4e41-9a82-360b5ff1157b,2022-07-21,2023-11-16,16
28,+919115007594,d29b3bf4-3930-458e-8025-1dcfc6fc0d3f,2022-04-01,2023-08-27,17
55,+919599942181,5f7c39cf-32d1-41f2-a39d-c5d66a41c3e5,2023-12-03,2026-03-29,28
27,+917980516535,a39e09d7-d56f-4908-bc77-42099551f0a8,2024-03-01,2025-03-16,12
28,+919603102011,7359ad57-88f7-42eb-ae88-b869c008a711,2024-03-22,2025-07-21,16
62,+918996735647,cecc1c99-4858-4169-8ce7-c5b29c8a5e4d,2024-07-23,2025-09-16,14
42,+918050518259,e3804eb2-a6f2-4b4f-aa17-c88446c1fd00,2024-04-15,2025-03-03,10
64,+919605863952,17a19855-b93d-4fbd-9b2b-9a117ac4a535,2023-06-22,2025-05-07,22
27,+918837128489,4e9a9cfd-5562-41db-98a0-85d27ce285a8,2022-02-16,2022-11-10,8
35,+918303025056,a71afc4a-8cc5-47a6-a992-b18920225edd,2024-02-29,2026-08-24,30
34,+919265414120,0a61de68-2815-4dc6-bd13-2f81dd4d3322,2023-12-17,2024-12-22,12
20,+918070534097,cbc3f7ef-a4e0-4d9b-97c0-aaf8bbe1b0e6,2024-11-18,2026-06-19,19
20,+919567332949,346b6321-c508-4638-8ca0-57e1c4d64b84,2022-10-23,2025-10-05,35
47,+917339636104,454a94d8-2ca2-40d7-b5c9-cf80578c6db7,2023-07-19,2024-08-10,12
55,+919096710044,59053b12-d32a-4618-b5af-4efaa859ca97,2023-10-13,2024-11-13,13
34,+917252219444,1b742c91-12b8-4632-99f3-c092fb4b8529,2023-10-05,2024-10-03,12
35,+917843121653,f46c122a-b100-44e9-9343-ed2bbccd8d4d,2022-09-04,2025-07-06,34
46,+919998207896,b2776133-dc7e-4e40-9227-7c4d0e85ffba,2023-08-13,2026-06-19,34
33,+919823501161,7bf776b8-788d-42e6-8ce6-de8a2d3c0533,2022-01-23,2022-09-01,7
63,+919385739414,5e80b71d-8f24-4718-9f54-74f62a9215de,2023-10-19,2026-02-16,28
33,+919421447610,f7eebe77-bb0c-4b1a-aac2-6ac9f3ebe525,2024-02-19,2026-01-24,23
20,+919958915952,6347fb69-bec8-496a-9005-4d183097084c,2023-04-21,2024-12-03,19
46,+917624373393,f46c122a-b100-44e9-9343-ed2bbccd8d4d,2022-11-26,2025-11-25,36
58,+919712888753,d3caf0d3-246a-4652-a465-f2555c5636ca,2022-01-09,2023-10-27,21
47,+918124577115,9312df83-c9f2-41ed-a32c-b66425a4cc76,2024-11-13,2025-08-13,9
36,+919264270654,954e5ca5-6cc0-4bfc-a8ea-7992b19ceff7,2024-07-13,2026-04-09,21
52,+917624824648,40bac3ae-13a1-406c-9aa3-f0fc4706c08b,2024-10-07,2027-06-09,32
29,+918297606317,a7f658a5-6031-415b-8c3d-1a06f9f15dc4,2024-08-30,2027-04-22,32
49,+918332302190,e1b05e24-856b-4f6b-8b6e-75851f3141dc,2024-04-08,2024-11-29,7
24,+918649929686,b2029dfe-4a21-4ca0-a0ba-7790cea7d4f4,2022-10-01,2023-08-09,10
52,+917524379433,d3f23aa0-7038-474f-a826-6223a09158b0,2022-08-22,2023-10-29,14
39,+917180963718,caf7b452-839c-436b-b61d-5a428a1430b8,2024-07-06,2025-12-09,17
29,+918435627681,4080f0e2-d98e-4e41-9a82-360b5ff1157b,2024-07-17,2027-03-08,32
35,+917524214488,fb3d8555-3e47-4df0-bba1-6a22aaf2127c,2022-01-19,2022-08-14,6
36,+919275663614,57ea8545-0456-4418-b8fd-aa25d9f81671,2022-06-11,2024-02-01,20
61,+917274148674,5fe0668c-e994-4abd-8265-60230a22d501,2024-01-17,2026-12-21,35
37,+917735614367,05f66344-7dfd-4535-b6a4-9db5db2f07a6,2024-01-14,2024-11-18,10
56,+918583696742,2b4d1c87-95ac-4e9c-af2f-9c9bab89b61a,2024-05-20,2025-12-15,19
64,+918198280015,80b13712-0c36-476b-ba6d-9b28e4e0bcf4,2024-06-04,2026-03-15,21
26,+918937601755,b35c8796-33f6-4ba8-9fe2-88114219b44a,2023-11-09,2025-04-29,17
45,+918088893962,8e06c9ed-0e5d-4e44-ba5a-17edbad69025,2024-06-05,2025-07-04,13
60,+918522540994,fd5e2925-9b38-4ad9-b404-222744e50feb,2023-02-20,2024-01-24,11
32,+919953390592,55232f4a-5800-46bd-bef9-609276478b19,2023-01-16,2025-09-28,32
44,+918666831669,b5052c65-ff6d-4955-9d91-b3b94ae0b5f2,2023-02-17,2025-02-24,24
40,+919964311132,e1a3a385-2cc0-4dea-b1d7-d45acefd3e6f,2024-08-28,2025-10-22,14
40,+919541014549,0be2bb83-fd6f-4f4d-9b7d-db0829d901e2,2023-05-26,2024-02-24,9
36,+919535300103,7b79d4c0-e9c9-4a9f-812c-0b4127f2a323,2023-12-18,2026-07-12,31
22,+919808922976,09bc6a92-400d-4311-884a-ac76c3419fff,2022-08-28,2024-01-20,17
30,+919289146705,035a8688-b5c9-486a-b8d3-22dd9e524254,2023-04-19,2026-02-22,34
31,+919627683114,053ac6c7-c0a2-4a5d-8ff3-57fecdcbc0be,2024-10-16,2026-01-05,14
34,+918634373023,b6bad12f-96b4-4c95-b2f2-a7e2d69f5966,2022-05-18,2023-08-13,15
28,+919259744487,6559b7a5-3751-462b-85a6-b46f43fcd6f8,2023-07-02,2025-06-24,24
57,+919226510147,ce8a3075-2e9c-4ca1-a33b-6f846830ac74,2023-01-27,2025-07-23,30
22,+919904154862,8ad6c7d8-948b-4c39-9af9-ebb69c923396,2023-10-14,2026-03-02,29
48,+919170579864,251ed835-2549-4c6d-8180-b847782219bd,2022-05-05,2025-01-07,32
64,+919682282793,bc35ab93-1286-4135-97f1-224c8849488b,2024-04-25,2025-12-06,19
43,+917073171086,db17b98b-d5ae-40bf-bfe1-06ae111be571,2022-04-04,2024-07-01,27
40,+918738300731,209df00b-25cf-4a63-8f9e-8384c95b5c34,2024-05-27,2026-01-19,20
32,+918119952817,adceb205-a220-4ab0-a7c6-1576890a923f,2022-05-31,2024-05-05,23
65,+918111740266,6c59b8cd-bab7-4edf-b1cd-96ab8d6f71f2,2024-08-25,2027-01-02,28
60,+918069161652,7ac71410-dd6c-4449-a84b-c4c01873f967,2022-11-11,2024-08-05,21
57,+919432593723,a1512b10-8d0e-463e-89b8-dd54a87a93f3,2022-01-20,2022-10-08,8
59,+917338420300,f15bdda5-d0ee-4b53-899b-3b2c35830c99,2023-03-12,2026-03-06,36
29,+919401601739,83b79ed3-a244-4d8a-8647-3e5ffb3f6829,2023-12-05,2026-02-12,26
65,+917057614324,67083ae2-3581-49be-9d26-2a61fcc26e7d,2023-11-30,2024-12-12,12
18,+917091734679,15fcb08c-36c0-41d3-853a-8e6f9bd31718,2023-09-28,2026-05-21,32
52,+918870439718,01fdfeaf-3832-4afa-ae87-34d114592851,2022-07-10,2023-02-24,7
23,+919601709507,6880f66e-4614-4f23-9460-d93cc5bd89fb,2022-03-22,2023-10-24,19
65,+918095663497,c4864ac4-b970-479e-86ac-9e1f5578a668,2022-07-11,2024-08-30,26
20,+919545315605,9fc0bf6a-feaf-48fb-a2dd-782acf949ddb,2022-03-06,2023-10-05,19
35,+919102925890,3868aadf-233a-4b06-9c88-3823124b1195,2024-01-27,2024-08-17,6
62,+917913500290,d04335d4-c5f6-4c9e-aa78-6992eecacffd,2024-08-03,2027-02-24,31
49,+919490982474,5d4ec2b6-7749-4180-8cb2-1bad1e1c54be,2022-03-11,2023-07-29,16
55,+918527594623,5d5013f6-e8fb-4db0-880e-5d2066406d4f,2023-12-02,2026-09-25,34
50,+917491530083,6881a608-b226-4455-ab55-46b8b4d7878e,2023-09-26,2024-10-25,13
59,+919250904957,5fd51b90-6598-43f3-9d9a-08cd8c5f5328,2023-10-26,2026-02-28,28
21,+918121805790,560568ae-11a2-4496-af14-46d07c7735fb,2023-06-11,2025-09-05,27
61,+919463500590,ff6221bd-50e5-408f-9308-c14bbb798e8a,2024-01-21,2025-03-06,13
47,+919651565578,b2e16a28-e10e-42c4-aa36-63768e919538,2023-12-12,2025-03-31,15
42,+917611994748,b6b9e3a3-40ad-4e30-bd2e-b037a465823e,2022-06-02,2024-08-05,26
49,+918591029008,d6d40f1f-87fa-4c74-93a4-90d1d39de292,2022-11-03,2023-05-03,6
60,+919384621117,4d79a5ec-374b-4da7-a9a8-29075bbee8e5,2024-05-12,2024-12-12,7
39,+917127547789,59818175-c701-45d1-8871-a93863dce8c8,2022-01-08,2022-10-20,9
61,+918355314040,cddfcc89-e272-487c-acac-a7fc5a31c426,2024-11-01,2025-09-14,10
27,+917954962767,d4d5f379-be94-4bed-ae5c-ac410bd5d8c2,2022-01-13,2024-03-24,26
62,+919715344974,927eeeaa-262e-4532-84e8-ee219064afbb,2022-01-10,2024-07-12,30
58,+919103665349,2ada3089-adb8-4ab3-92ea-58f80c3dccde,2022-09-01,2024-05-21,20
60,+918836085433,c480c30e-44fc-486c-869b-3ae64ad08ee0,2022-02-19,2025-01-17,35
51,+917773185168,a875e1e8-71ad-4931-9d75-9e3b31716ed1,2024-03-09,2026-12-05,33
52,+919120821653,4d79a5ec-374b-4da7-a9a8-29075bbee8e5,2022-04-28,2024-12-12,31
19,+918000379525,a3507a3e-e824-4946-a1a9-eeddd8374657,2023-04-20,2025-10-15,30
22,+917832644259,13ad14a6-934f-4334-a62e-a0bc886d0ca5,2022-05-15,2025-05-09,36
63,+917040455612,6c59b8cd-bab7-4edf-b1cd-96ab8d6f71f2,2023-04-19,2025-04-20,24
64,+919412576709,a234c85a-3280-4c93-bd45-51e9fc61b953,2023-09-18,2024-04-25,7
32,+918210200933,717ab285-7074-4579-b781-cce2e63a0213,2023-04-24,2023-12-29,8
28,+917974211902,24759daa-db10-4aac-a5c8-cc62cb2303a3,2023-01-13,2024-03-07,13
28,+917760298914,cca28f69-29d2-4ae4-8d56-686b0afdf331,2023-01-17,2024-02-01,12
27,+917792902229,9413aba3-88ce-4622-a269-468cf8a17dc3,2024-09-23,2025-05-24,8
18,+917805174528,5916944e-6efc-4ff2-b432-bf2fee675525,2024-03-07,2025-04-06,13
21,+918917646164,b39475f1-8c55-49b2-9a33-588c96fee4e8,2024-06-29,2025-07-14,12
57,+917745474032,3661b43c-e6be-45ba-9bda-8a5ab42d9921,2022-02-03,2023-10-06,20
50,+917876836607,d3845d3a-6794-4ff5-8f39-44953002636c,2023-09-23,2025-02-21,17
25,+917070988121,6eb75680-62c0-48fc-b1c2-be6ea5e55ac8,2024-09-01,2026-10-13,25
49,+919198300444,04aca2f7-4802-4f7e-a18c-e5ff0fadd2db,2023-11-13,2026-05-29,30
60,+917627382028,058529bb-d0a9-4ded-b613-516aba1740f3,2022-10-05,2024-05-11,19
30,+919888899513,68909b1a-fe75-425f-907c-86502a4d0f70,2022-03-05,2024-01-18,22
48,+919587884236,02adb080-4513-499a-8a3e-a2b7a8f01ac6,2022-05-08,2024-12-22,31
34,+918951664562,0937f4da-ff92-43af-a66b-5d9ab0ff0bcc,2022-01-17,2023-02-04,12
29,+917696402175,a71afc4a-8cc5-47a6-a992-b18920225edd,2024-10-07,2026-11-26,26
28,+918965759182,38549a4a-1afc-42be-bae1-4a8350047f68,2023-02-22,2025-06-18,28
44,+918300718222,e3764838-b11a-42ea-b2c2-c4c014c02812,2022-11-20,2024-11-08,23
21,+918849071336,dc258ad6-ce85-42d6-9744-6647f3cca27e,2024-08-12,2025-10-08,14
43,+919016732432,74bf3c54-20ea-4835-b085-73632ea1da7c,2022-05-30,2025-04-13,34
49,+919296115103,f15bdda5-d0ee-4b53-899b-3b2c35830c99,2024-08-21,2026-10-05,25
31,+917555811707,6ae296ec-942e-4510-a0d2-2260fed1c0e9,2024-05-16,2025-04-05,10
53,+917810202959,317cd7cf-7ce6-4044-9e62-fbc7bb11a53a,2024-10-14,2027-08-19,34
24,+917246974504,3d4b2b01-7d5c-4b66-9771-053a7d5f90e9,2021-12-26,2024-02-14,26
39,+918949494278,7ea4203b-f942-4347-a9ba-cd17f06da65e,2023-10-01,2024-09-12,11
27,+919498042052,d205563c-888d-4804-a865-8f03b8f9122d,2023-01-18,2023-10-10,8
52,+918665969879,2655fe0d-ad39-49d6-b857-96889a813659,2023-06-18,2024-07-27,13
27,+919936844420,d15d002a-d039-472b-983e-4a48438c86c7,2024-06-18,2026-08-05,25
28,+919140875007,853b71a4-4b35-4c4e-8f77-d36c8b519c0b,2022-11-22,2024-01-18,14
49,+919692275472,a69fd426-c5d5-48d1-bf76-e9465a5d8c24,2023-09-16,2025-05-22,20
37,+918796056591,a1b0de82-8664-4884-90ed-d4d714e109c0,2024-10-06,2027-09-30,36
44,+919821044293,35ad15e5-1e58-4aba-ad58-ccf514389745,2023-10-17,2025-07-24,21
23,+917179758020,d6bbe855-a6df-480e-b9b2-d44450bc140e,2024-11-02,2025-11-24,12
61,+917464247488,e70ae4dc-ec6a-47d3-8f68-93ce9de48a9e,2022-01-13,2022-12-13,11
55,+917397070612,9ba16daf-865c-4b53-8736-02de9a33b78a,2023-10-24,2025-09-11,22
42,+919257438444,5b0422b0-c63a-4a63-9f37-b9a40dfeada9,2022-05-30,2025-03-08,33
50,+919879548808,562884d9-af66-4fc4-84a1-893e57e4ab09,2023-05-25,2026-04-26,35
44,+918010805797,989084f2-dd71-4cd3-befe-6ccedf80ea7d,2023-12-22,2024-12-19,12
30,+918742265720,7511c5f7-d001-40bb-bbcb-5ae93e894085,2023-04-16,2025-12-05,32
53,+918733507184,f4834616-642f-4847-a660-ad9fccf817e2,2022-01-11,2022-10-15,9
53,+919868030507,e183c055-3f06-48e8-8155-a5df90e244c4,2024-04-01,2026-06-10,26
40,+919126021436,9ee16a8b-977a-4e63-ba38-ad2de37c014b,2023-08-04,2025-07-02,23
65,+917229042892,67083ae2-3581-49be-9d26-2a61fcc26e7d,2023-06-05,2025-06-28,25
30,+917078035294,3f54b471-8401-4be9-8409-1103bc7dcf4e,2023-05-31,2024-10-08,16
47,+919226062026,5b3bcf4e-c26f-4b0e-8081-8de0fc9836cc,2024-07-08,2027-06-28,36
58,+919206556669,ec02b316-1c5e-45ca-ad9f-ed863af16092,2022-07-25,2025-07-14,36
47,+918867267608,d0c39f28-889a-4aea-808a-9f6c279d5f05,2022-11-18,2024-04-12,17
28,+918632535260,69c4aee9-e457-4452-b7f6-913a2733eb07,2023-03-16,2025-02-11,23
44,+918943965081,7cc39c79-e561-41e8-9829-a27784ce6a12,2022-09-10,2025-06-16,33
44,+917864936276,4302fd24-deaa-4b4d-a76e-b9eb78784db5,2022-01-07,2024-05-08,28
29,+917325621771,d26e4c37-4d8d-4546-bbf5-9aa5979ecb8c,2021-12-10,2023-12-08,24
28,+919896134443,1dd0f05f-bb78-461d-9775-159e79ebf08b,2024-09-26,2027-06-17,33
62,+918847297607,c1c32467-8683-4d2d-a000-d6516569b38d,2022-09-26,2023-06-07,8
49,+919414342872,c853dcf8-3621-45c1-81f5-ee78770552c6,2022-10-27,2023-10-09,11
40,+919804511625,070f8d50-e4b6-49c6-94b5-9dbc72f46cf1,2022-10-30,2024-09-15,22
53,+917678167959,73364725-7c9d-4787-b99e-cdde22cc6847,2023-03-14,2024-03-03,11
54,+919918058282,c27228ec-3751-49ca-a75d-9af44ba7dd7c,2022-03-27,2022-10-04,6
60,+917797638165,6b558adc-e03d-4671-abe0-f12cf952f0db,2023-03-24,2024-01-02,9
31,+918849116836,2dbf21fe-55f1-42ab-9c69-4d1c10f340a7,2023-03-20,2024-02-05,10
55,+917994638371,d0c654fe-8228-4b68-b908-f15be6cb9e14,2022-09-16,2023-09-02,11
51,+917943958076,f4ba5184-1af3-4f86-9a79-f19482633dc5,2023-10-13,2026-04-11,30
26,+919734161930,8272736c-0956-43de-86f3-f5755c67a060,2023-08-24,2026-06-16,34
34,+917621215771,6eb75680-62c0-48fc-b1c2-be6ea5e55ac8,2022-08-23,2025-03-03,30
27,+917517332523,19e82621-120e-44d0-b1a1-c50c09f4e9d1,2024-09-24,2026-07-11,21
27,+917536650654,96a7dce1-8ed5-4c57-b5e1-e4ba806bf821,2024-03-29,2027-01-25,34
28,+918134069158,6cc5dc84-6b8b-4f82-a450-1a7f62990e8a,2022-01-21,2023-05-21,16
51,+919256112090,1e5813cd-d388-4922-939f-b16a89dda981,2023-01-22,2024-11-20,22
54,+918443256301,c2300517-6a34-4320-a470-c12fe4073b21,2023-03-31,2025-07-05,27
35,+919043242425,be3820fb-074d-4641-83c2-d83b6ebdf00d,2023-10-19,2024-10-06,11
63,+917576568196,67083ae2-3581-49be-9d26-2a61fcc26e7d,2024-09-26,2027-01-09,27
61,+917889320211,d8447309-3a35-450a-8469-d683e644eb8b,2024-01-03,2025-06-30,18
29,+917102320023,40bac3ae-13a1-406c-9aa3-f0fc4706c08b,2022-03-17,2025-01-08,34
35,+919878971578,813585ee-b855-4370-ae1c-f9b6cbb03349,2024-02-28,2025-05-17,14
60,+917382828675,8ff5ea35-57cf-403c-b409-47c0440b328b,2022-04-24,2022-10-28,6
52,+919599497088,b459f440-dde9-45c6-9d0c-1f78b7973412,2023-02-15,2025-08-07,30
52,+919610308433,0985d3cc-c9e8-4293-9c96-dc4ab884bcb8,2022-04-27,2025-03-24,35
31,+919355390951,5543aa30-c11d-4b4b-a407-4cb44a8ffd58,2023-11-19,2024-07-07,7
40,+918803318389,2f0c27d5-4a3b-4279-8991-1f60e08c1848,2023-11-11,2024-10-07,11
31,+917425213387,eb1f9cbc-4e3a-4e6e-9711-9fbd304be3fc,2024-03-06,2025-10-29,20
26,+919475243646,a19f8cba-00ce-40c6-9516-91f16e9f2237,2023-03-25,2025-04-18,25
61,+919171337522,2271684f-cac1-4261-a1c6-938ca54bd4a6,2022-12-14,2024-08-22,20
39,+917131644736,b6188053-c678-4567-813d-63826a0c7412,2024-04-09,2025-02-14,10
53,+917368266146,75d60492-0b58-48d6-af36-2f653efbe69c,2024-09-09,2027-01-23,28
46,+917992729047,f82ace3d-fc45-4108-bc60-6ad7794c7b3a,2024-05-15,2024-12-12,7
63,+919527162717,74df3e66-17d7-40a9-99ac-0a50e7a78310,2023-12-26,2025-11-19,23
48,+917588329887,59353991-fd34-4267-95ba-42013bcb89db,2024-07-27,2026-06-22,23
39,+917306998799,e60c948e-571f-4c11-a784-cd46787b3b1a,2024-04-10,2026-05-25,25
27,+919247490012,f13f3e46-7e74-4b23-963d-65bccbb7b7de,2024-06-14,2027-05-19,35
38,+919151890851,5f7c39cf-32d1-41f2-a39d-c5d66a41c3e5,2023-05-11,2025-11-28,31
56,+917142479493,daf90fe8-1d14-4841-9f71-f43b81b71ea0,2023-07-19,2025-01-25,18
54,+918590623312,4ac7f3b7-049f-4f38-aaa6-2c1047fcdaf0,2024-10-31,2026-01-22,14
48,+919209012306,f4620cce-f8cb-46d4-90e1-e6514e6f3863,2024-05-14,2026-04-11,23
21,+918825514520,279d7547-94a9-409e-8970-7de762578718,2024-11-04,2027-06-13,31
60,+918596673489,b2e16a28-e10e-42c4-aa36-63768e919538,2022-03-16,2024-12-20,33
46,+919401653136,0bc649cc-0534-4207-b9c1-7c4d563320ab,2023-03-07,2025-09-04,30
30,+919451265818,b8e13324-5c0a-469a-825b-b0888225eb98,2022-10-23,2025-04-12,30
55,+917610922227,9c067d4e-57f4-4f86-b9a5-ebf9f0087044,2022-03-23,2024-10-26,31
36,+917906811918,8b86cc9e-6957-4a2f-86cc-ba94ea92f49a,2023-10-06,2026-09-24,36
41,+919992549432,804cf209-2651-4440-a901-bf37025ab439,2023-03-13,2024-04-15,13
49,+919744511369,05f66344-7dfd-4535-b6a4-9db5db2f07a6,2022-09-13,2023-08-13,11
51,+917519483006,527cf464-02e1-4b5f-818a-b8eff1b90db5,2023-07-30,2024-04-23,8
58,+919338936902,f780cf08-270d-40b5-b947-51470e0cc84e,2022-02-04,2024-01-31,24
47,+917844071393,e90cbccd-dea5-456b-bc54-988cabd3cdc9,2022-03-30,2024-06-12,26
61,+917009958567,651d45b5-8cc2-482a-b684-35112a93093f,2023-02-05,2025-05-02,27
63,+918096007008,32df78b9-7033-46c6-881d-7e476bd1ed80,2022-03-17,2022-10-07,6
43,+919260922282,4bfb4069-da01-49a2-9ee9-50ae379e63d3,2022-01-09,2024-09-15,32
48,+917271236531,ac5f93ae-9aab-4ad1-9f57-b969fa3982e8,2023-08-04,2025-03-22,19
19,+919352796759,effa9b62-6271-4dc3-a305-8b8e8820a729,2024-03-08,2024-09-16,6
60,+919105735789,c9dbeeef-ee66-4f9e-9ba1-0dbefdacebe3,2024-07-27,2027-05-02,33
53,+918427288965,a1b0de82-8664-4884-90ed-d4d714e109c0,2023-06-12,2025-09-18,27
19,+917882000203,e8885024-0123-44ce-8022-a95d1a2f060c,2023-04-27,2025-08-05,27
44,+917525352832,c71fa6ff-ca36-40ab-aa04-98ddb27a5163,2022-03-01,2023-06-11,15
18,+918435628970,d848b965-6d23-4af9-afaf-2598d31f3755,2024-07-29,2026-05-03,21
26,+918309532898,13ea367c-828d-4bde-86b8-8fb287577a7a,2023-04-12,2024-09-30,17
54,+917867192793,c2300517-6a34-4320-a470-c12fe4073b21,2023-05-16,2025-05-01,23
29,+917207333161,a2a31f7b-94fc-40cb-8ac5-8ad7d001c15d,2022-10-10,2024-02-01,15
42,+919051378084,db179137-85ec-4f4b-bad0-dbacbceece78,2022-06-10,2025-05-18,35
55,+917785195391,7f12c592-7549-4570-b753-c12788d1bf73,2023-06-03,2026-03-19,34
44,+918554215076,d3f23aa0-7038-474f-a826-6223a09158b0,2022-08-06,2023-06-26,10
47,+919896894332,bb2b8c26-c977-45ba-a40c-a9cb08d16f0d,2022-12-23,2025-02-01,25
24,+918313182210,97c9006b-41c7-45f3-8ceb-3ad7b73d36ed,2024-02-20,2024-12-26,10
39,+918041630301,2271684f-cac1-4261-a1c6-938ca54bd4a6,2023-12-11,2025-04-20,16
36,+919800477985,053d0a13-158a-4f11-8c45-ccb3500df00d,2023-11-02,2026-08-11,33
33,+917283034843,baf1a5f3-0efe-4854-ae84-24ce8120e2fa,2024-11-27,2027-04-07,28
27,+919383133097,92a03d39-9ceb-4221-aa83-13e250d5e701,2022-06-22,2024-09-11,27
20,+917921368095,1c604989-7300-4857-94e6-a9f0c3f1a749,2024-07-15,2027-06-08,35
36,+917911554663,f2d78cd1-90fd-49ab-9b97-8e1b3761f0f9,2021-12-16,2022-10-15,10
53,+917842454843,4302fd24-deaa-4b4d-a76e-b9eb78784db5,2024-11-04,2026-06-10,19
43,+918910284178,ebc28fbf-3390-42b3-8b11-3037689a6c0c,2023-02-20,2024-03-09,12
61,+917582669572,a8b4d7a4-349a-4e5f-b285-10335de71710,2022-10-07,2024-09-09,23
53,+919584521089,c0fc16f3-03c4-4fbf-837f-44f3f795da4d,2022-08-27,2023-12-20,16
64,+919893970530,4637cae1-6307-4007-81ba-9b94a54489c5,2022-07-30,2024-06-30,23
57,+918078530537,8263399f-d4a4-40b9-a0a8-29f23655f1ba,2023-07-21,2025-02-13,19
46,+917715208091,ba504dba-9976-4afb-aaf9-9812367a9569,2022-04-09,2024-03-27,23
39,+918512764439,c5299ac5-b6d3-41ae-a5ea-0d683e5add21,2022-05-29,2023-09-19,15
39,+919299028698,c26937e7-8cb8-4211-afcd-d9603c64baa8,2024-06-02,2026-07-03,25
22,+918671375804,df1ffa26-123e-43d4-9580-9bce9ed82cce,2023-12-12,2025-06-18,18
19,+917475863217,d2e5b21f-f4ea-4980-8dc3-4bb8f4375085,2023-07-22,2024-10-21,15
65,+919701721095,5a127bb7-b1e6-4768-a7a8-a3371ee0e979,2023-06-07,2024-12-15,18
37,+918729211667,c27228ec-3751-49ca-a75d-9af44ba7dd7c,2022-04-27,2025-01-18,33
37,+917178296567,f938f0b5-10eb-4b96-8e97-8e1ad61322db,2022-11-15,2024-08-03,20
33,+917717665970,e83cc64f-b2c0-44e2-b22a-4ba35bbc95dd,2022-09-16,2023-08-13,11
45,+919065735321,5a1a822a-71db-4d72-89ca-098182aa4ecf,2022-12-14,2025-05-14,29
43,+918989972413,6f00abe6-7274-4797-9eaa-92733bac439f,2024-07-25,2025-10-18,15
34,+919443000365,3f29017a-2e45-44fe-9cd2-de8e63ccf174,2022-02-18,2023-07-10,16
51,+917319307160,b0267da4-0ce0-419f-a491-ccc7e03b3044,2023-08-23,2025-11-02,26
33,+918191811916,f9bfa044-023b-4c5e-a5f5-dde4e2deac74,2023-09-19,2026-07-13,34
59,+918656346580,79e77f5d-204d-4ce7-bf92-ae9b6016f730,2023-06-09,2024-08-19,14
47,+918520408503,0be2bb83-fd6f-4f4d-9b7d-db0829d901e2,2022-01-27,2022-10-21,8
19,+917375802537,a7731d36-c133-4541-826d-eeee7938da8d,2022-11-18,2023-09-07,9
25,+918636422674,c9dbeeef-ee66-4f9e-9ba1-0dbefdacebe3,2024-01-13,2026-07-06,30
20,+918891214132,9be7f6d5-16f2-4da4-8ccb-0c39a8910958,2024-02-18,2026-07-11,29
58,+918064926417,703367f1-4179-48c9-b891-61c5db749fed,2023-10-04,2026-07-19,33
56,+919382923068,562884d9-af66-4fc4-84a1-893e57e4ab09,2022-03-12,2024-06-12,27
34,+917803910753,467ca453-eb5d-46bf-813a-4c53ddefabc0,2023-11-11,2024-08-10,9
61,+918219602823,070f8d50-e4b6-49c6-94b5-9dbc72f46cf1,2022-05-01,2022-12-10,7
19,+917431726937,9e30d9bc-9449-4de9-9bfb-24a735139573,2023-07-13,2025-11-04,28
30,+918238101838,0a66a1c9-c350-4192-8d4f-ede85a5de24a,2024-10-21,2027-02-13,28
41,+917651536761,9ce2af28-6697-4b98-a6dd-1a5d1e83b265,2023-03-06,2024-07-08,16
31,+919789737159,baf1a5f3-0efe-4854-ae84-24ce8120e2fa,2022-09-18,2023-12-24,15
37,+919746803360,9eb70900-d3af-495c-b78f-77f096ee47b7,2023-10-17,2024-06-30,8
57,+918916799674,b459f440-dde9-45c6-9d0c-1f78b7973412,2022-12-03,2023-06-04,6
25,+919051291727,af19c408-4c6e-4310-8f39-6e737eacfce4,2024-07-30,2026-01-23,18
31,+918985030400,d1e86881-db3c-4c86-9efe-6f94f44c6b52,2022-07-09,2024-09-16,26
50,+917172734025,825c5029-6787-474a-b819-f08bb0d9c5a9,2023-03-31,2024-01-07,9
47,+918062090219,34667318-ed4d-4d13-bee4-572acc3b75b0,2024-07-25,2025-07-06,11
26,+917181420237,f6f1758e-6205-4b45-a5ff-8a8800cfb125,2024-02-26,2026-01-11,22
61,+918250988175,d00b280c-81e0-466d-a581-1fc7b347c730,2022-10-05,2023-09-23,11
20,+919256560640,ba33de07-647e-476a-b6ca-4e63cbdc7d6a,2024-11-02,2026-08-28,22
64,+918546702111,309a70f1-acc3-4185-bf45-c623def14dfd,2024-08-25,2026-04-04,19
25,+919008543062,80bbba71-4874-4e12-b042-4d61d8cbf239,2023-02-09,2025-06-11,28
42,+918857127461,96a7dce1-8ed5-4c57-b5e1-e4ba806bf821,2022-10-25,2024-01-18,15
65,+917140533559,55a9b490-e9c8-487f-80bf-57ce99cdfaca,2024-09-17,2027-03-11,30
37,+917927744389,f13f3e46-7e74-4b23-963d-65bccbb7b7de,2022-02-16,2023-03-23,13
34,+918846374714,ea8b8b18-110e-4568-a046-90ff6cac57e8,2023-07-27,2024-09-17,13
30,+918714449366,4addb04b-331c-4047-9ffb-6c4affb14159,2023-04-17,2025-05-19,25
49,+918738653197,88668225-540e-42d0-8453-b2d516210ac8,2023-01-06,2024-09-24,20
59,+917154898852,e3804eb2-a6f2-4b4f-aa17-c88446c1fd00,2022-03-14,2024-12-31,34
57,+917001923189,2b50ecf9-91d4-484d-a70b-a7bf3f62b6f8,2022-02-10,2023-01-16,11
29,+918100528007,79997384-3b20-4d5c-b3eb-1d688cae476c,2024-02-28,2026-12-04,33
60,+918864148886,c1c32467-8683-4d2d-a000-d6516569b38d,2022-06-14,2023-10-20,16
42,+919576693342,7d6b6626-f8b1-4e92-9578-ee99874a43d4,2024-03-25,2025-11-09,19
32,+919905045417,346b6321-c508-4638-8ca0-57e1c4d64b84,2022-12-26,2024-07-18,19
50,+918121760447,92a03d39-9ceb-4221-aa83-13e250d5e701,2024-01-11,2026-06-27,29
63,+919814079614,56a3b18c-31b5-422f-be32-6c2a5479e5fa,2024-03-30,2026-11-27,32
55,+919324753544,41358afc-2fb1-411b-ab64-eb709e4bc191,2023-06-10,2024-04-29,10
56,+917702008458,eb1f9cbc-4e3a-4e6e-9711-9fbd304be3fc,2024-04-29,2025-05-22,12
61,+918484859255,5d410d43-01d3-4ad5-aecb-9fe963233a58,2022-10-13,2023-11-17,13
29,+917189707657,20f17484-e103-49c5-85fa-3eb4b6246472,2022-07-19,2025-06-27,35
29,+919865033830,822f2fd4-b99f-4a39-8c80-bbef781eeb3a,2024-10-26,2026-05-18,18
57,+917137923538,b4b719d7-4e85-4c92-99df-5af3106f097f,2022-07-23,2024-07-13,24
52,+918610833381,bedaf8ac-d9b2-4288-9ce6-37d443d1bb17,2022-05-22,2023-06-10,12
32,+918003713320,b87cff53-eea5-4f89-b66b-27c0387fd510,2024-09-15,2026-09-24,24
50,+919821788776,cef90abd-4b9b-4d1e-80dd-d184439effb0,2024-08-05,2027-03-10,31
21,+918451893790,405c4b4f-2939-4dc3-b30c-5ce14cdb4549,2023-10-28,2025-05-04,18
53,+918683813964,2864c52d-c07e-4815-8aa9-0d89b0bedf62,2023-09-19,2025-11-22,26
22,+919784806220,0855905c-297d-43b2-91f9-2cd538e13a48,2022-10-28,2024-04-04,17
36,+917472339621,717ab285-7074-4579-b781-cce2e63a0213,2024-05-08,2025-11-01,18
47,+917741857484,b647a0b2-d6f4-48c2-9477-3803a4d62d83,2022-11-05,2025-07-10,32
20,+918775825600,5aa596eb-1bb2-4f01-881e-db78f472aa9f,2024-07-10,2027-02-16,31
57,+918300588109,535c8ea8-f6ed-43c4-88cd-7728c8d25946,2022-10-22,2025-03-24,29
45,+917164722501,fa1b58f7-07a7-4192-95d1-6aa3ab20d1fb,2022-03-31,2024-05-13,25
36,+917014752424,39f4fe08-d0be-4faa-aeb7-b55f69929ce0,2022-04-02,2023-07-06,15
48,+917226316606,02adb080-4513-499a-8a3e-a2b7a8f01ac6,2022-03-04,2024-10-22,32
32,+917242474906,a9847084-61f6-4d32-a40b-1f84babd4906,2024-07-23,2025-09-22,14
27,+917376878016,9f39a08f-7a80-4a5a-918e-21c9ec0fecdd,2024-07-15,2026-08-17,25
65,+919204939841,7dc0d72d-23e0-456c-a9da-dcd91f404296,2023-01-21,2025-01-04,23
56,+919952377527,8b86cc9e-6957-4a2f-86cc-ba94ea92f49a,2022-01-08,2023-10-01,21
45,+919521537406,645ba4d5-5c0a-4b78-91b6-8d879b052604,2022-01-20,2023-08-04,18
26,+918906750582,c0a91ce6-4e56-4c2a-a4ba-342460e492e4,2022-12-25,2023-12-21,12
40,+918106988236,07bab39f-c39e-4fe6-abe6-a368ceca348f,2023-05-09,2023-12-16,7
52,+917647580704,f9e8f65f-599d-40eb-ba19-78d93ffbadd2,2024-11-14,2025-08-23,9
64,+917998571365,9ee16a8b-977a-4e63-ba38-ad2de37c014b,2024-04-10,2027-02-12,34
40,+917835551356,c1ef4c70-e707-4e06-aebc-76bd5bf53e07,2024-02-02,2025-06-23,16
19,+917397219805,d04db506-ed69-434c-ab5f-59ca433b9a16,2023-04-10,2025-08-20,28
28,+918617765774,5a98de25-4715-4bd2-9ab5-4e3e5850b7ef,2023-06-13,2024-07-16,13
28,+918834364050,ea842c94-55f1-4194-ac0b-344bbea6ac8c,2023-02-14,2024-11-09,21
20,+919354772959,2a4246dc-18ff-45ec-917b-0e8d474dadd2,2022-05-15,2023-08-31,15
22,+918169513795,bfd69c61-e64c-4280-8dab-6b85723d5669,2023-07-03,2025-08-08,25
62,+917779118545,f31651bb-be00-41b9-a6ac-4297f901cbf3,2023-06-02,2024-09-09,15
58,+918817272686,89b1628f-783e-42ba-9e46-8df58a9b8ca9,2022-11-06,2025-03-13,28
63,+918125050545,99cb1004-c4f1-48a2-be2a-24fb521a7957,2024-01-05,2025-04-23,15
25,+917906594245,5b4ee30f-1fe1-4c08-af82-8c6b534f9851,2022-04-28,2023-06-24,14
44,+918855950112,eeac13ef-042f-475d-b50d-0ac0ca1f2a4c,2022-10-22,2024-05-23,19
40,+918760257407,ff05e367-ae61-49d4-9bf7-18d134a24cd4,2024-04-18,2025-12-29,20
37,+917958803341,cddfcc89-e272-487c-acac-a7fc5a31c426,2023-09-05,2025-10-11,25
62,+917669262749,45493855-8156-4dfb-9aed-9e76a4deaf7d,2023-05-12,2024-04-02,10
40,+917263805884,e3764838-b11a-42ea-b2c2-c4c014c02812,2023-02-04,2025-06-05,28
30,+919219320550,ce7f79cb-b321-4a05-a09d-68cf1c78a40d,2023-09-09,2024-10-23,13
43,+919217700506,9c067d4e-57f4-4f86-b9a5-ebf9f0087044,2022-05-21,2023-08-29,15
57,+918767064114,ad409af3-1f0b-4a75-add1-621f87fd9528,2022-08-19,2023-07-28,11
58,+919931419994,2f11baf4-aa72-476e-9fdf-2095da3e3ebd,2021-12-20,2024-01-16,25
36,+918985010525,78faeab2-a4f5-4285-9792-15f0d8aa093c,2023-02-10,2024-05-14,15
40,+917821897048,38d97574-9804-4d85-bd0d-793a11663004,2024-06-21,2026-01-25,19
20,+918172759818,1911bb67-ad25-4fa2-8813-cda459b5ea8a,2023-10-05,2025-10-09,24
36,+918629252721,242cdc90-d2c1-465f-b6d7-7e0c3f4157dc,2024-02-04,2024-09-20,7
49,+917543942095,5a44713a-7bb1-4451-8f32-5b7cf21f9cad,2023-06-09,2026-03-15,33
28,+917491398904,0937f4da-ff92-43af-a66b-5d9ab0ff0bcc,2022-12-15,2024-02-08,14
52,+918367147692,f4ebfef3-edff-4568-a3bb-887e7d86b474,2022-01-15,2023-05-04,15
35,+918895589816,0ecd6d3a-afb9-4947-aa29-e0985101f2cc,2024-01-26,2026-09-22,32
56,+917861567969,3d09511a-4482-4426-8140-f9d39d45ac87,2021-12-16,2024-11-06,35
30,+918722480798,60236f55-b152-4546-a1c1-149691ca45c6,2024-09-11,2027-03-29,30
57,+919242141111,c2300517-6a34-4320-a470-c12fe4073b21,2022-05-01,2023-02-21,9
63,+918316026114,d3f23aa0-7038-474f-a826-6223a09158b0,2024-03-12,2025-12-08,21
35,+917933223545,e7eef307-2cfb-437c-a358-8cbddc62fc2d,2023-10-29,2025-10-11,23
36,+917483692019,7a3108ed-528d-418b-9bc2-4b43591794d5,2024-09-21,2025-09-02,11
36,+917109868906,9c067d4e-57f4-4f86-b9a5-ebf9f0087044,2023-02-20,2024-01-03,10
28,+917223462784,0a66a1c9-c350-4192-8d4f-ede85a5de24a,2024-01-28,2025-10-09,20
42,+918739537162,a8b4d7a4-349a-4e5f-b285-10335de71710,2023-04-22,2023-11-26,7
50,+918963840410,1913eed3-28db-4264-a704-bd3a09dbe72c,2024-02-03,2026-03-11,25
19,+919769575566,642d0a2b-b703-43fe-b431-d11af730b59c,2024-08-06,2027-01-11,29
47,+917279869335,e8885024-0123-44ce-8022-a95d1a2f060c,2023-09-25,2024-09-15,11
27,+919322176445,d848b965-6d23-4af9-afaf-2598d31f3755,2022-06-20,2024-06-10,24
19,+917521498866,14c2ceea-8593-4f83-a2e4-d9a4835dc040,2022-05-18,2023-07-25,14
56,+918493639566,4fca9dce-79be-419c-b446-ab53b3cefaea,2022-12-03,2025-06-07,30
63,+919379983690,feceabad-4126-4844-a51b-423316107b54,2023-11-04,2024-10-21,11
56,+917275650255,2a245348-603b-4c84-a022-511612d1a039,2023-06-30,2025-12-20,30
19,+917933050013,0bd94eaf-481d-4743-b8ca-595096c6d1e3,2023-12-13,2026-07-20,31
59,+919578839808,c547bcd1-26e0-4791-ad06-93b3894990f3,2023-10-12,2025-01-10,15
48,+918746922979,90d0cdc1-0db5-4c44-9cee-9f6b554fee63,2023-11-27,2026-11-17,36
38,+917648160185,3d3bb856-11a0-45aa-892e-4c9604d4bd6c,2022-08-16,2025-06-22,34
34,+919264471464,c0a91ce6-4e56-4c2a-a4ba-342460e492e4,2023-03-04,2025-11-26,33
24,+918817105774,1fbfce17-af85-4549-bece-a57fa02c2184,2022-02-16,2022-09-07,6
19,+919829477158,23f56007-0b21-4c60-98cf-aea844afcfd5,2024-09-06,2026-12-16,27
29,+917086383942,b87ea4ae-27ad-4e28-ab79-31c03db3955e,2024-07-31,2026-07-21,24
37,+917454733936,2b4d1c87-95ac-4e9c-af2f-9c9bab89b61a,2022-03-04,2025-02-18,36
52,+918559042089,469092bb-051d-42ec-be16-300b2d039813,2022-02-09,2024-03-22,25
43,+917710715563,72052348-f139-4b68-afb1-823acb5ebffb,2022-04-07,2023-08-22,16
42,+918633303822,c9dbeeef-ee66-4f9e-9ba1-0dbefdacebe3,2022-12-09,2024-06-08,18
43,+919488373213,653c1b37-1d6d-44d1-ad8a-dc20bfa9990f,2022-06-06,2025-06-03,36
47,+918864953630,55b00919-8f52-4834-b785-526eefe70571,2023-03-23,2024-08-28,17
63,+919309158424,5b0422b0-c63a-4a63-9f37-b9a40dfeada9,2024-05-26,2025-05-22,12
37,+919270756207,5d5013f6-e8fb-4db0-880e-5d2066406d4f,2023-09-05,2024-08-30,12
45,+919174363609,6b1137e4-4c81-4342-abe1-ae86fabad106,2022-01-19,2022-09-29,8
48,+918256792656,0855905c-297d-43b2-91f9-2cd538e13a48,2024-11-14,2025-10-06,10
46,+917188060259,99952903-1948-4c3d-b2a0-e163c071a4e6,2024-02-19,2026-03-14,25
18,+918958048288,b35c8796-33f6-4ba8-9fe2-88114219b44a,2024-04-02,2024-10-13,6
18,+919632040183,69d3a3f2-b2a2-4ef0-94a2-0511425f479e,2022-07-25,2024-08-25,25
39,+919655481048,9ce2af28-6697-4b98-a6dd-1a5d1e83b265,2024-08-12,2026-07-05,23
19,+918900428967,dee48001-4b40-4d49-a3ae-95f7f862f6f6,2021-12-20,2024-11-09,35
26,+919768356049,a7731d36-c133-4541-826d-eeee7938da8d,2023-08-04,2026-07-07,35
30,+918205194868,f592d60c-3041-4098-9c58-3d3f1b87a1bd,2023-06-27,2026-03-13,33
63,+919276148417,970f9674-8dd8-4358-9d70-5f4e689d3245,2024-01-23,2025-08-22,19
21,+918680120051,b0af092c-23fa-4098-97d4-4e414bac433b,2024-03-16,2026-10-26,31
21,+918188896828,66c7e134-9730-4891-ab23-aa1db636371a,2024-09-11,2025-07-31,10
20,+917067412817,e309751b-58ec-40b2-8717-89b428c4fd18,2023-04-03,2023-12-25,8
24,+917297088982,36a81dda-ab1b-4584-af6b-92894edfc33f,2023-05-15,2024-01-19,8
61,+917768335746,3f29017a-2e45-44fe-9cd2-de8e63ccf174,2023-09-27,2024-05-22,7
58,+919536704725,82eff681-a345-42bd-a089-0693eb1c2ac9,2023-04-16,2025-01-10,21
33,+918448339550,28fdba73-841a-4517-b098-2157dc095d83,2023-12-28,2026-10-10,33
24,+917955889725,b15f7e2c-7d16-4fef-8c1d-104928cfb652,2024-03-31,2025-06-16,14
33,+917538315999,4637cae1-6307-4007-81ba-9b94a54489c5,2023-02-22,2025-05-04,26
27,+918431183063,ac5f93ae-9aab-4ad1-9f57-b969fa3982e8,2022-05-31,2025-02-25,33
61,+919668907343,8e06c9ed-0e5d-4e44-ba5a-17edbad69025,2023-02-13,2025-02-15,24
41,+917221076173,55a9b490-e9c8-487f-80bf-57ce99cdfaca,2024-02-25,2026-03-31,25
49,+918877980424,176e8861-6bb4-43ca-b61c-d9dfc4aa2b09,2022-03-28,2025-02-12,35
37,+919277969965,844f1a4f-087a-4922-bbf8-0947ba053842,2023-01-04,2025-02-24,26
51,+918645843626,96d57b9e-0a07-4e77-a521-881c4681b4d7,2021-12-19,2024-04-10,28
21,+918299200024,bb7d4b14-e906-498a-b3b5-8cba9918af26,2022-09-08,2024-06-07,21
22,+917735392091,10544d8b-68b9-4596-8fad-9858d7eecec9,2024-06-24,2026-07-24,25
61,+919807862987,6a82b556-7c44-4523-a517-2f1344bb2b62,2024-06-22,2026-09-21,27
23,+917352808418,5916944e-6efc-4ff2-b432-bf2fee675525,2024-04-26,2026-12-01,31
56,+917356758812,d04db506-ed69-434c-ab5f-59ca433b9a16,2023-11-17,2024-07-22,8
23,+917495753478,6c59b8cd-bab7-4edf-b1cd-96ab8d6f71f2,2024-02-11,2025-05-02,14
41,+919452213571,69d3a3f2-b2a2-4ef0-94a2-0511425f479e,2024-11-06,2027-03-18,28
22,+917269671582,fa24720d-dc48-4f76-b848-04555a61ea1f,2023-04-08,2025-07-20,27
51,+918454078035,653c1b37-1d6d-44d1-ad8a-dc20bfa9990f,2023-07-31,2025-05-01,21
43,+918524014755,8e06c9ed-0e5d-4e44-ba5a-17edbad69025,2024-03-19,2026-10-26,31
18,+917693048269,32df78b9-7033-46c6-881d-7e476bd1ed80,2022-03-24,2023-03-26,12
47,+917100494352,b0267da4-0ce0-419f-a491-ccc7e03b3044,2022-04-21,2024-12-18,32
49,+919411015006,a01beaef-e31b-4214-9822-a296b7c59293,2023-03-11,2025-03-19,24
29,+918720169842,f809f255-c031-488e-b102-b976081628ea,2024-10-09,2026-09-29,24
29,+919322157911,2d9420f3-ae83-4e6e-8d91-b3a1a1b4d5d6,2023-11-24,2026-06-17,31
51,+917182015620,81e8918a-de70-46d8-8182-f11ae36ee4b9,2022-08-01,2025-07-23,36
61,+917659413432,715a0184-86e6-4799-a1cf-369cfb787fc6,2022-04-06,2024-04-09,24
34,+919454638742,1d55410c-cad3-4f26-b342-947c12fae323,2024-05-20,2026-04-08,22
38,+918451543648,7b3300ee-3d89-40de-ad25-456d3e560c32,2024-08-03,2026-06-03,22
65,+919915294639,a744e8b7-689c-4d21-8044-0ba9e89a3114,2022-03-20,2023-08-17,17
64,+917878277690,a05732b7-bffd-4c23-bb2a-6cbe77426d6b,2023-09-29,2024-04-20,6
33,+919364704105,09bc6a92-400d-4311-884a-ac76c3419fff,2022-07-14,2024-03-21,20
39,+917399278258,43dfb7af-4d79-4ff8-9823-826ef0c84584,2024-04-06,2025-05-07,13
28,+919693364908,09066874-659f-43f0-a372-5ca357e8143c,2022-10-13,2025-09-04,35
19,+919922653099,8ff5ea35-57cf-403c-b409-47c0440b328b,2023-03-05,2023-11-29,8
44,+919142956986,4ec94bca-8571-45ca-b5bf-89f2f7c19ab3,2021-12-15,2023-07-03,18
34,+919814629201,a69fd426-c5d5-48d1-bf76-e9465a5d8c24,2022-12-11,2024-08-25,20
51,+918173686461,269660dc-f0d3-4943-ba0b-eb168ff55dd5,2023-08-29,2024-06-06,9
62,+918313701026,cf0441e8-dbf9-4214-8aee-aeb35910e27c,2022-06-17,2024-01-27,19
25,+917652894821,7fa54dab-e83a-4651-a880-9c78f3a3df40,2022-07-14,2023-04-07,8
32,+919006316611,2185e408-6fbd-40f3-848c-e97297713688,2023-01-28,2023-08-21,6
41,+918587656277,e07fb626-caa2-49a7-8db7-443e9db2a210,2024-08-06,2026-01-22,17
32,+918848728977,74b2b55d-e1b0-452c-a378-11fb60968cc0,2024-08-08,2027-02-16,30
38,+919096633374,d8447309-3a35-450a-8469-d683e644eb8b,2022-10-31,2023-05-08,6
31,+917029761937,467ca453-eb5d-46bf-813a-4c53ddefabc0,2024-04-24,2025-11-26,19
24,+918078111376,0f73c2fc-d625-40c5-9504-c92c6924097a,2023-11-07,2025-06-23,19
58,+918530790463,12cf464b-d974-4fb5-bcdb-71976a83eb24,2024-03-22,2026-11-27,32
35,+919404216630,d848b965-6d23-4af9-afaf-2598d31f3755,2022-04-23,2024-09-05,28
28,+918033714615,7359ad57-88f7-42eb-ae88-b869c008a711,2022-08-25,2024-01-21,17
47,+918257323333,6b02b3c5-7f88-4748-90cd-f0f40a5c3fad,2022-07-28,2025-01-11,29
49,+918240876350,20e6440f-2530-4eb1-ab1e-47746b862619,2024-11-07,2026-08-16,21
24,+917673290772,7f16f82a-2818-498c-8886-de0419b3c36b,2024-02-15,2026-04-07,26
28,+919585351409,61a0a1e3-ec5e-4bd1-8da2-865583df8b39,2022-11-11,2025-08-01,33
48,+917693531694,208770b2-3d4d-4f2c-8e7c-2ab99b0607f7,2024-11-03,2027-06-14,31
64,+917439421700,5c64243c-b420-473b-8331-ac817d42ba9a,2022-03-09,2023-07-06,16
51,+917897751670,ab258604-ae6a-4a66-a65c-cfab677bd2df,2023-04-19,2025-08-12,28
56,+918617234164,d78ac152-9004-46d7-9a4a-9e3ca9ccbdf6,2023-03-30,2023-12-10,8
33,+918690648807,0b60024d-ed4a-48ed-8785-1bca1a6caa8f,2022-05-22,2023-06-30,13
37,+917373479998,e501f3d3-900e-49c5-8764-0fa4c18f6feb,2024-10-10,2025-05-04,6
58,+919283610552,724d4a27-4366-4fde-8fed-ec4e035ed923,2022-10-19,2023-07-10,8
34,+918943380278,d21cb87c-622a-4d2f-b690-6457baa83a4f,2024-10-01,2026-04-09,18
34,+918689392173,c547bcd1-26e0-4791-ad06-93b3894990f3,2023-06-13,2024-10-25,16
47,+918149462839,fd5e2925-9b38-4ad9-b404-222744e50feb,2024-09-21,2027-02-27,29
20,+917426912839,e76626d0-5f0f-4e12-a373-e11c2f30f2b8,2024-02-15,2025-09-02,18
49,+917871336134,7e301a8c-db5f-4497-9124-7f24a6a4741d,2024-08-23,2026-07-09,22
50,+917081611615,d15d002a-d039-472b-983e-4a48438c86c7,2022-08-24,2023-12-29,16
18,+919995286934,8e06c9ed-0e5d-4e44-ba5a-17edbad69025,2024-11-23,2026-05-10,17
48,+917948440324,e85ce0cb-3426-4ae8-a036-4ef6eb74eff3,2023-08-27,2026-05-20,33
38,+917932103168,d0c654fe-8228-4b68-b908-f15be6cb9e14,2022-12-17,2024-09-23,21
37,+918354955665,b717a889-8b15-43fe-a8bb-9e126d47daa2,2024-04-12,2025-11-21,19
61,+918385137177,3d4b2b01-7d5c-4b66-9771-053a7d5f90e9,2022-06-30,2023-10-20,15
65,+917523840025,7b79d4c0-e9c9-4a9f-812c-0b4127f2a323,2023-01-23,2024-01-13,11
23,+918635685835,f135bb17-9ce5-4514-ab49-2c1478d14c2b,2024-07-22,2026-09-21,26
46,+918467402800,78faeab2-a4f5-4285-9792-15f0d8aa093c,2023-09-15,2025-12-15,27
43,+917602574118,c71fa6ff-ca36-40ab-aa04-98ddb27a5163,2022-12-06,2025-03-15,27
28,+918373425209,5e770ab4-6282-4ef4-a27e-970e894d905b,2024-05-14,2025-11-11,18
53,+917236813401,c5a79904-07f1-427e-9241-178bd4302839,2022-11-02,2023-10-26,11
41,+917934176680,57d148f6-e71a-457a-87e3-620cf8abf24a,2021-12-23,2023-12-12,23
37,+918790739608,cddfcc89-e272-487c-acac-a7fc5a31c426,2024-03-14,2024-12-18,9
54,+918705029515,36e13c4a-d279-469e-8219-959e673b6860,2023-01-27,2026-01-07,35
43,+918596074214,df2314ea-e87b-498e-ab87-5a656b0bdc3f,2024-01-08,2026-02-22,25
63,+919324514453,10e2abe4-9d27-40d7-bacc-9d09a2850b68,2023-04-02,2024-09-13,17
35,+918383672218,6a82b556-7c44-4523-a517-2f1344bb2b62,2022-01-11,2022-10-22,9
39,+919666628745,b35c8796-33f6-4ba8-9fe2-88114219b44a,2023-02-02,2024-12-20,22
61,+917469551495,38d97574-9804-4d85-bd0d-793a11663004,2022-07-08,2024-07-03,24
40,+918002386277,4f644e10-f661-45c2-a993-e2984d0ee559,2023-12-17,2026-10-01,33
54,+918612112410,2a4246dc-18ff-45ec-917b-0e8d474dadd2,2022-12-16,2023-12-30,12
65,+918982220131,d7a00de5-fc3d-4aab-ac78-5f612b381580,2022-02-22,2023-05-04,14
25,+917467324281,e1a3a385-2cc0-4dea-b1d7-d45acefd3e6f,2023-12-20,2024-11-28,11
59,+919751672280,238d7d3b-dab8-449f-89f4-f04bc0910ca8,2023-04-18,2025-06-30,26
19,+918907508999,41e705ab-8b40-4537-b99d-3f8472e14219,2023-11-28,2026-07-27,32
65,+918237155332,da154a70-b98b-4316-a5c0-cf2989c184ef,2022-06-19,2024-10-15,28
33,+918829932541,01fdfeaf-3832-4afa-ae87-34d114592851,2022-06-28,2025-05-06,34
52,+917116378211,e339048f-e93a-4c7d-a1d1-a222635380ab,2022-11-30,2024-11-06,23
62,+917031597549,49260274-f333-49ca-923b-bccc8e553858,2023-06-01,2025-06-27,25
42,+919867674551,eb1f9cbc-4e3a-4e6e-9711-9fbd304be3fc,2024-04-21,2026-06-29,26
63,+919205506846,bbd325cd-6770-44e8-a4a0-5131fcc363b8,2021-12-16,2023-11-01,22
57,+917377276060,77f6a049-a242-4396-867a-d4141f688766,2023-08-15,2025-06-11,22
48,+917361064498,f274739b-5f7b-4f58-a71b-300ec0fedd94,2023-12-13,2025-11-10,23
64,+917838837537,c907da8e-dd7a-40aa-8598-8fdce0c28095,2022-02-23,2022-09-18,6
19,+917267916106,d3845d3a-6794-4ff5-8f39-44953002636c,2023-12-02,2024-12-24,12
60,+919205524565,f4620cce-f8cb-46d4-90e1-e6514e6f3863,2024-06-18,2025-01-25,7
42,+918637032875,a3507a3e-e824-4946-a1a9-eeddd8374657,2021-12-13,2022-09-19,9
48,+917943839407,5c46d5d3-bdfb-4e86-8b8e-21335a564f84,2023-10-03,2026-10-01,36
64,+919048307467,703367f1-4179-48c9-b891-61c5db749fed,2022-08-25,2024-08-01,23
42,+918690102273,c5a79904-07f1-427e-9241-178bd4302839,2023-01-28,2026-01-27,36
38,+917269657612,1f95284f-cf6f-4b8e-9794-05450b7f5589,2024-08-02,2025-09-17,13
44,+917063266427,a01beaef-e31b-4214-9822-a296b7c59293,2022-01-21,2022-11-21,10
31,+917164596388,5f7c39cf-32d1-41f2-a39d-c5d66a41c3e5,2022-07-15,2023-07-31,12
38,+917712697444,5a127bb7-b1e6-4768-a7a8-a3371ee0e979,2024-09-17,2025-07-07,9
43,+917201719523,72f3efbc-e406-4eae-85b2-68fd7c1aa60a,2022-06-15,2024-08-28,26
41,+919600526966,4f119c61-51b7-4f49-bc31-28277f7b314b,2021-12-06,2024-04-09,28
40,+919539877055,27cab92b-7c02-463d-b05e-6b2564727626,2023-10-06,2026-07-20,33
39,+918482463813,aa091712-11e2-4c2f-ad67-5358bd19669c,2022-03-08,2024-12-13,33
56,+919206489861,121693ab-e34b-452a-a61d-a0ca82686939,2022-09-04,2023-06-30,9
64,+917024913968,e66b492a-5685-441a-8165-a0c4c0d0d63c,2024-04-25,2026-09-29,29
64,+918918652870,8e115701-8482-49cb-b67e-b717db42ea6c,2023-03-18,2025-09-05,30
48,+917245424196,d2e5b21f-f4ea-4980-8dc3-4bb8f4375085,2024-08-16,2026-08-22,24
42,+918427541754,c7041c29-2c08-4ec8-8535-26f3b9081684,2021-12-14,2022-12-29,12
22,+918560524933,30632aed-7b71-4f6c-95d7-148ed8cec6b0,2023-11-13,2025-02-16,15
44,+919885111111,853b71a4-4b35-4c4e-8f77-d36c8b519c0b,2023-11-16,2026-03-19,28
21,+918228621350,035a8688-b5c9-486a-b8d3-22dd9e524254,2024-11-22,2026-04-30,17
64,+917586531295,f809f255-c031-488e-b102-b976081628ea,2023-12-09,2024-07-13,7
18,+919725420451,13ea367c-828d-4bde-86b8-8fb287577a7a,2024-02-20,2026-09-04,30
36,+917982291183,02226654-503a-42ed-bcdf-b320750685bb,2023-11-26,2024-06-03,6
62,+919674917268,5b3bcf4e-c26f-4b0e-8081-8de0fc9836cc,2024-05-16,2026-11-10,30
58,+918178508441,a8b4d7a4-349a-4e5f-b285-10335de71710,2024-07-31,2025-12-24,17
21,+917986550603,e183c055-3f06-48e8-8155-a5df90e244c4,2024-02-21,2026-01-09,22
20,+917592345027,fd5b29cd-1bf9-4041-aa1f-b21c203fb154,2024-08-28,2026-08-19,24
23,+917851709849,7c31fd3c-446a-4aed-af97-ccb1468a29cc,2022-01-27,2023-10-21,21
42,+917057825912,6ff5bef2-4eed-4633-afb6-baafc458507a,2023-03-15,2024-07-04,15
64,+917694537280,bc997fde-c89d-44d9-9db4-5f44d89f3a9b,2022-04-03,2024-11-12,31
61,+917821991617,99d31d6f-59ec-4ea0-90d9-ec31fc0b4ac6,2024-09-03,2026-04-06,19
